Date,MSFT,F,CRAY,GOOG,HPQ,YHOO,HOG,VZ,AAPL,IBM,T,CSCO,BAC,INTC,AMD,SNE,NVDA,AMZN,MS,BK
11/1/2007,37.060001,8.5,5.77,350.292023,23.387829,30.219999,49.450001,41.766872,26.777143,113.650002,40.459999,32.18,45.709999,26.5,12.8,49.099998,35.380001,87.650002,62.419998,46.990002
11/2/2007,37.060001,8.95,6.46,354.296997,23.796549,31.110001,49.459999,41.430798,26.838572,114.589996,40.419998,32.509998,45.110001,26.799999,13.17,49.540001,36.740002,85.980003,58.900002,47.200001
11/5/2007,36.73,8.67,6.13,361.470123,23.860126,31.360001,48.459999,40.908012,26.597143,113.400002,40.040001,33.080002,44.450001,26.84,13.42,48.639999,36.740002,84.370003,55.59,47.419998
11/6/2007,36.41,8.63,6.02,369.509979,24.255222,29.93,48.700001,40.833328,27.398571,113.169998,40.040001,34.080002,45.560001,27.49,13.43,48.849998,37.900002,87.269997,54.509998,48.279999
11/7/2007,35.52,8.24,6.05,365.101501,23.542234,27.629999,48.119999,40.235859,26.614286,111.080002,38.66,32.75,43.310001,26.9,13.01,47.93,36.099998,87.040001,51.189999,45.77
11/8/2007,34.740002,8.48,6.19,345.624512,22.679382,26.700001,49.200001,39.890446,25.067142,106.110001,39.34,29.629999,43.5,25.93,12.51,47.27,33.84,83.580002,53.68,46
11/9/2007,33.73,8.2,6.08,330.7453,21.975477,25.790001,48.16,39.927788,23.624287,100.25,39.200001,28.58,43.98,25.15,12.37,47,33.360001,78.889999,54.200001,44.84
11/12/2007,33.380001,7.87,6.35,314.854858,21.589464,24.780001,48.240002,39.955791,21.965714,101.449997,38.650002,29.110001,43.98,25.370001,11.95,46.709999,30.030001,77,53.77,46.169998
11/13/2007,34.459999,8,6.32,329.041656,22.479565,26.1,49.869999,40.68396,24.280001,105.269997,39.849998,30.139999,46.27,26.139999,12.4,48.919998,32.68,79.860001,55.860001,47.290001
11/14/2007,33.93,7.98,6.15,319.641907,22.284286,25.07,48.669998,40.627949,23.73,103.440002,39.34,29.709999,45.73,25.85,12.28,48.650002,32.169998,78.510002,55.610001,46.889999
11/15/2007,33.759998,7.78,6.07,313.649353,22.207085,25.42,48.669998,40.179844,23.471428,103.599998,39.369999,29.299999,44.080002,25.530001,12.7,48.380001,31.74,77.849998,53.27,45.73
11/16/2007,34.09,7.7,6.11,315.631927,23.04723,26.82,47.880001,40.786652,23.77,104.790001,39.549999,29.940001,44.369999,25.51,12.64,48.23,32.450001,78.599998,52.900002,46.790001
11/19/2007,33.959999,7.34,5.95,311.75647,22.452316,26.76,47.110001,40.189178,23.421429,102.220001,37.75,29.43,42.82,25.17,12.07,47.32,30.26,79.18,51.130001,46.240002
11/20/2007,34.580002,7.24,5.9,323.059082,22.506811,26.719999,45.09,40.29187,24.121429,103.419998,38.029999,29.040001,42.77,25.52,11.28,48.139999,30.030001,80.389999,50.43,45.900002
11/21/2007,34.23,6.95,5.78,329.026733,22.198002,25.709999,46.450001,39.162277,24.065714,102.220001,37.450001,28.25,42.139999,24.629999,10.83,47.330002,29.709999,79.760002,48.509998,44.560001
11/23/2007,34.110001,7.19,5.87,337.086517,22.3297,26.129999,46.529999,39.806427,24.505714,104.050003,37.630001,28.690001,43.150002,25.07,10.78,49.080002,30.219999,81.43,49.889999,45.41
11/26/2007,32.970001,7.03,5.75,331.7565,21.871027,25.219999,46.450001,38.490124,24.648571,101.970001,36.349998,27.5,41.880001,24.370001,10.27,50.009998,29.52,81.300003,47.950001,43.869999
11/27/2007,33.060001,7.07,5.8,335.527374,22.1208,25.59,46.48,38.704842,24.972857,103.830002,36.73,27.49,42.939999,25.110001,10.15,53.310001,30.790001,85.589996,49.799999,45.169998
11/28/2007,33.700001,7.36,6,344.837463,23.038147,26.200001,48.02,39.591709,25.745714,107.370003,37.5,28.049999,44.849998,26.190001,10.35,55,32.849998,90.300003,53.5,47.580002
11/29/2007,33.59,7.29,5.79,347.198608,23.18347,26.629999,47.009998,39.657059,26.327143,107.5,38.029999,28.15,44.630001,26.34,10.14,54.209999,33.119999,89.150002,52.34,47.32
11/30/2007,33.599998,7.51,5.83,345.206085,23.233423,26.809999,48.02,40.338547,26.031429,105.18,38.209999,28.02,46.130001,26.08,9.76,53.970001,31.540001,90.559998,52.720001,47.959999
12/3/2007,32.919998,7.25,5.84,339.492493,22.906448,26.610001,46.869999,40.226521,25.551428,105.830002,38.279999,27.57,45.470001,26.25,9.66,53.709999,32,90.910004,52.279999,47.869999
12/4/2007,32.77,6.97,5.73,340.802582,23.029064,26.42,47.18,40.889339,25.687143,106.629997,37.860001,26.959999,44.709999,26.309999,9.25,52.98,31.969999,94.410004,50.009998,47.860001
12/5/2007,34.150002,6.98,5.83,347.950806,23.460491,25.98,48.049999,41.561493,26.5,108.160004,38.419998,27.48,45.23,27.219999,8.91,53.639999,33.630001,93.190002,50.110001,48.25
12/6/2007,34.549999,7.06,6,356.294525,23.710264,25.959999,49.049999,41.46814,27.135714,109.699997,38.82,27.790001,45.959999,27.98,9.07,54.77,34.310001,94.209999,51.580002,49.509998
12/7/2007,34.529999,7.06,5.93,356.10025,23.542234,25.629999,48.990002,42.289661,27.757143,108.860001,38.470001,27.450001,45.369999,27.73,9.05,53.23,33.880001,94.309998,51.689999,48.959999
12/10/2007,34.759998,7.14,6.14,357.868622,23.601271,25.200001,48.369999,42.336338,27.744286,109.389999,37.900002,27.66,46.639999,27.780001,9.18,54.689999,34.25,93.019997,54.369999,49.700001
12/11/2007,34.099998,6.97,5.82,348.294495,23.060854,24.469999,46.110001,41.514816,26.934286,106.989998,39.459999,28.02,44.650002,26.93,9.07,54.59,34.290001,90.75,49.950001,47.540001
12/12/2007,34.470001,7.06,5.87,348.369232,23.401453,24.540001,45.720001,41.953583,27.265715,108.470001,41.709999,28.799999,43.43,27.280001,8.97,55.950001,35.470001,91.279999,50.369999,48.509998
12/13/2007,35.220001,6.99,5.8,345.729126,23.782925,24.379999,45.68,42.028267,27.404285,108.18,41.799999,29.059999,43.049999,27.16,8.84,56.259998,34.5,92.400002,50.200001,48.790001
12/14/2007,35.310001,6.89,5.76,343.691772,23.678474,24.059999,44.959999,41.421463,27.198572,105.769997,41.139999,28.65,42.16,26.290001,8.43,54.52,35.07,89.080002,50.299999,48.110001
12/17/2007,34.389999,6.8,5.52,333.365479,23.128973,23.040001,45.619999,40.235859,26.342857,104.529999,40.5,27.950001,41.700001,25.719999,7.95,53.790001,33.279999,85.089996,49.529999,47.27
12/18/2007,34.740002,6.81,5.74,335.417786,23.169846,23.02,46.150002,40.898674,26.139999,106.309998,40.599998,28.15,41.5,25.91,7.68,54.439999,34.130001,86.889999,48.07,48.130001
12/19/2007,34.790001,6.76,5.71,337.420258,23.228884,23.309999,46.299999,40.74931,26.16,107.139999,39.939999,28.190001,41.59,26.190001,7.98,54.209999,34.450001,89.379997,50.080002,48.66
12/20/2007,35.52,6.79,5.86,343.557251,23.233423,23.639999,46.43,40.908012,26.744286,108.839996,40.259998,28.280001,41.41,26.41,7.97,53.799999,35.169998,90.580002,51.369999,48.91
12/21/2007,36.060001,6.79,6.11,347.044189,23.628519,24.01,47.34,41.374783,27.701429,111.050003,41.48,28.6,41.919998,26.959999,7.79,54.540001,35.16,91.260002,54.369999,49.18
12/24/2007,36.580002,6.75,6.26,349.056641,23.760218,24.049999,47.27,41.813553,28.4,111.650002,41.5,28.719999,42.279999,27.309999,7.77,54.639999,35.779999,91.010002,54.970001,49.82
12/26/2007,36.610001,6.89,6.3,354.092773,23.964577,23.959999,47.990002,42.102951,28.421429,111.559998,42.299999,28.379999,42.299999,27.450001,7.77,55.950001,36.259998,92.849998,55,49.73
12/27/2007,35.970001,6.84,6.02,349.061646,23.437784,23.709999,47.18,41.430798,28.367144,109.599998,42.02,27.790001,41.459999,26.83,7.53,54.75,35.139999,94.25,53.32,48.599998
12/28/2007,36.119999,6.7,6,349.953278,23.324251,23.450001,47.150002,41.65485,28.547142,110.089996,42.439999,27.559999,41.099998,26.76,7.32,54.299999,34.790001,94.449997,53.220001,48.5
12/31/2007,35.599998,6.73,5.99,344.448914,22.924614,23.26,46.709999,40.786652,28.297142,108.099998,41.560001,27.07,41.259998,26.66,7.5,54.299999,34.02,92.639999,53.110001,48.759998
1/2/2008,35.220001,6.6,5.81,341.315674,22.547684,23.719999,45.610001,40.338547,27.834286,104.690002,41,26.540001,40.560001,25.35,7.14,54.110001,33.009998,96.25,50.950001,47.130001
1/3/2008,35.369999,6.45,5.69,341.385406,22.547684,23.84,45.150002,40.525257,27.847143,104.900002,41.389999,26.75,40.299999,24.67,6.77,54.349998,32.75,95.209999,50.939999,49.169998
1/4/2008,34.380001,6.13,5.58,327.273285,21.285194,23.16,42.380001,39.769085,25.721428,101.129997,40.889999,26.120001,39.849998,22.67,6.25,52.419998,30,88.790001,49.299999,48.150002
1/7/2008,34.610001,6.16,5.59,323.412781,20.594913,23.18,41.23,40.469242,25.377142,100.050003,41.43,26.129999,39.900002,22.879999,6.08,54.099998,26.9,88.82,48.310001,48.810001
1/8/2008,33.450001,6.1,5.33,314.660583,19.613987,22.610001,40.200001,39.199619,24.464285,97.589996,39.16,25.43,38.41,22.26,6,54.16,27.469999,87.879997,46.400002,47
1/9/2008,34.439999,6.07,5.12,325.380402,20.181654,22.559999,41.150002,39.647724,25.628571,98.309998,39,26.24,38.740002,22.75,5.53,57.189999,28.889999,85.220001,47.73,47.790001
1/10/2008,34.330002,6.25,5.31,322.157471,20.590372,24.09,41.610001,40.562599,25.431429,99.919998,39.400002,26.24,39.299999,22.540001,5.96,56.43,28.290001,84.260002,48.41,47.529999
1/11/2008,33.91,6.06,5.24,317.933319,20.435966,23.360001,39.84,39.675728,24.67,97.669998,38.200001,25.870001,38.5,21.99,6.25,55.299999,27.049999,81.080002,48.389999,46.5
1/14/2008,34.389999,6.18,5.49,325.68924,20.949137,23.700001,40.490002,40.133167,25.540001,102.93,38.509998,26.290001,39.220001,23.08,6.41,55.75,28.85,82.870003,48.900002,47.130001
1/15/2008,34,5.97,5.35,317.63443,20.458673,22.91,38.720001,39.367661,24.148571,101.830002,37.630001,25.85,37.880001,22.690001,6.12,53.779999,26.73,80.239998,47.130001,45
1/16/2008,33.23,5.86,5.44,306.824951,20.13624,21.950001,39.630001,39.50769,22.805714,101.629997,37.869999,25.15,38.689999,19.879999,6.57,52.549999,23.709999,80.349998,47.389999,45.09
1/17/2008,33.110001,5.76,5.38,299.273254,19.527702,21.219999,36.950001,38.191391,22.984285,101.099998,37.299999,24.33,36.91,19.33,6.34,51.119999,23.299999,80.120003,45.25,44.77
1/18/2008,33.009998,5.92,5.31,299.004272,19.868301,20.780001,37,36.492336,23.051428,103.400002,36.110001,24.299999,35.970001,19,7.07,51.439999,24.84,79.760002,45.110001,43.75
1/22/2008,31.959999,5.93,5.64,291.083954,19.400545,19.860001,36.849998,35.316067,22.234285,101.220001,35.959999,23.48,37.389999,18.610001,6.83,50.060001,23.6,78.480003,48.529999,45.049999
1/23/2008,31.93,6.3,5.65,273.285645,19.613987,20.01,41.009998,35.540119,19.867144,106.099998,36.689999,24.030001,40.57,19.98,7.56,48.560001,24.030001,73.970001,51.700001,46.23
1/24/2008,33.25,6.26,5.66,286.172363,20.386013,21.690001,40.119999,35.689484,19.371429,106.910004,35.75,25.110001,39.900002,20.690001,7.58,47.490002,25.870001,77.669998,51.23,45.59
1/25/2008,32.939999,6.58,5.58,282.142456,19.86376,21.940001,37.959999,35.250717,18.572857,104.519997,35.259998,24.200001,39.48,20,7.15,46.689999,24.950001,77.599998,48.889999,43.880001
1/28/2008,32.720001,6.67,5.39,276.951904,19.891008,20.780001,39.130001,35.577461,18.572857,104.980003,36.400002,24.1,41.200001,20.290001,7.46,46.950001,24.65,75.82,49.59,45.5
1/29/2008,32.599998,6.69,5.43,274.232117,19.700272,20.809999,39.68,36.137589,18.79143,106.099998,37.889999,24.059999,41.939999,20.5,7.61,48.279999,25.41,73.949997,49.459999,45.080002
1/30/2008,32.200001,6.75,5.35,273.111298,19.772934,19.049999,38.509998,35.698822,18.882856,105.650002,37.349998,24.360001,42.209999,20.690001,7.61,47.5,25.190001,74.209999,48.630001,45.200001
1/31/2008,32.599998,6.64,5.46,281.096375,19.854677,19.18,40.639999,36.249615,19.337143,107.110001,38.490002,24.5,44.150002,21.1,7.59,47.5,24.59,77.699997,49.34,46.52
2/1/2008,30.450001,6.85,5.5,256.986755,20.172571,28.379999,40.950001,36.174931,19.107143,109.080002,38.279999,24.940001,45.029999,21.77,8,46.299999,26.860001,74.629997,48.25,47.740002
2/4/2008,30.190001,6.68,5.55,246.789978,20.009083,29.33,40.080002,36.044231,18.807142,107.93,38.16,23.82,44.029999,21.200001,7.92,44.560001,26.02,73.949997,48.029999,46.75
2/5/2008,29.07,6.43,5.25,252.453735,19.51862,28.98,37.98,34.382519,18.48,105.019997,36.73,23.26,42.369999,20.120001,7.21,43.279999,24.389999,72.089996,45.560001,44.799999
2/6/2008,28.52,6.31,5.26,249.918243,19.146231,28.57,37.650002,34.261158,17.428572,103.589996,36.400002,23.08,42.330002,19.92,6.74,42.82,24.309999,68.489998,44.950001,45.099998
2/7/2008,28.120001,6.17,5.16,251.532196,18.39237,29.040001,38.029999,34.494545,17.32,102.339996,37,23.379999,43.369999,20.049999,6.59,44.040001,24.549999,70.910004,44.880001,46.189999
2/8/2008,28.559999,6.08,5.34,257.38028,19.019073,29.200001,36.959999,33.999767,17.925714,103.269997,36.369999,23.540001,42.16,20.27,6.34,42.990002,24.99,73.5,43.189999,46.18
2/11/2008,28.209999,6.39,5.36,259.606934,19.359673,29.870001,37.34,34.345177,18.492857,105.139999,36.869999,23.52,42.139999,20.68,6.28,43.5,25.07,75.190002,42.529999,46.240002
2/12/2008,28.34,6.46,5.27,258.077667,19.473206,29.57,38.959999,35.064011,17.837143,106.529999,37.509998,23.43,42.82,20.9,6.41,43.66,26,74.449997,42.709999,46.790001
2/13/2008,28.959999,6.58,5.1,266.311798,20.004541,29.879999,39.040001,36.090912,18.485714,108.419998,38.669998,24.059999,43.330002,21.209999,6.7,44.810001,27.02,77.730003,43.23,47.32
2/14/2008,28.5,6.46,5.38,265.131226,19.645777,29.98,37.759998,35.493443,18.20857,106.129997,37.84,23.530001,42.240002,20.459999,6.53,44.880001,22.610001,75.800003,42.619999,45.869999
2/15/2008,28.42,6.45,5,263.831085,19.922798,29.66,37.68,35.316067,17.804285,106.160004,37.880001,23.299999,42.700001,20.110001,6.45,44.779999,22.27,72.959999,42.32,46.259998
2/19/2008,28.17,6.48,4.95,253.524734,19.959127,29.01,38.049999,32.991535,17.454287,105,35.889999,22.879999,42.669998,20.16,6.5,46.959999,21.940001,72.080002,41.490002,44.900002
2/20/2008,28.219999,6.41,5.21,253.549637,21.54405,28.83,38.09,32.898182,17.688572,107.849998,34.360001,23.200001,42.970001,20.379999,6.83,46.73,21.780001,73.639999,43.549999,45.82
2/21/2008,28.1,6.23,5.11,250.491104,21.267031,28.42,37.529999,33.010208,17.362858,106.93,34.470001,23.190001,42.209999,20.299999,6.96,46.580002,21.290001,69.900002,43.169998,45.400002
2/22/2008,27.68,6.25,4.9,252.951874,21.525885,28.42,38.419998,33.794388,17.065714,108.07,34.98,23.6,42.599998,19.82,6.71,46.77,22.32,72.080002,44.189999,46.099998
2/25/2008,27.84,6.46,5.03,242.311752,21.857403,28.129999,39.310001,34.093121,17.105715,110.080002,35.5,23.799999,42.939999,19.940001,6.97,47.98,22.309999,73.269997,45.279999,46.57
2/26/2008,28.379999,6.52,4.96,231.228302,22.343325,28.219999,39.57,34.36385,17.021429,114.379997,35.57,24.07,42.720001,20.690001,7.13,48.91,22.5,71.690002,44.93,46.599998
2/27/2008,28.26,6.6,5,235.547119,22.22525,28.370001,39.900002,33.97176,17.565714,116.459999,35.200001,24.950001,42.880001,20.77,7.28,49.650002,22.85,70.870003,45.880001,46.669998
2/28/2008,27.93,6.62,4.87,236.807388,22.048138,28.15,39.349998,34.709263,18.558571,115.239998,35.959999,24.66,41.419998,20.49,7.02,48.84,21.99,67.849998,44.400002,46.169998
2/29/2008,27.200001,6.53,4.71,234.710251,21.693914,27.780001,37.16,33.90641,17.860001,113.860001,34.830002,24.389999,39.740002,19.969999,7.21,47.209999,21.389999,64.470001,42.119999,43.869999
3/3/2008,26.99,6.18,4.65,227.656693,21.616713,27.77,37.07,33.878407,17.389999,114.230003,35.060001,24.4,39.18,20.01,6.76,46.700001,21.139999,62.43,41.580002,44.169998
3/4/2008,27.59,6.13,4.78,221.469879,22.002726,28.059999,36.59,33.318275,17.802856,115.709999,34.869999,24.290001,38.779999,20,6.76,46.689999,20.93,65.339996,41.349998,44.299999
3/5/2008,28.120001,6.12,4.76,223.014084,21.939146,28.67,36.310001,33.561001,17.784286,115.389999,35.450001,24.27,37.549999,20.200001,6.84,46.779999,21.17,64.989998,41.470001,44.43
3/6/2008,27.57,5.94,4.52,215.542099,21.698456,28.700001,35.810001,32.935524,17.275715,112.519997,35.02,23.940001,36.52,19.870001,6.49,45.68,19.84,62.740002,39.669998,43.369999
3/7/2008,27.870001,5.78,4.55,215.865875,21.485014,29.030001,35.049999,32.748814,17.464285,113.940002,35.009998,24.110001,36.740002,20.07,6.49,44.32,19.549999,64.089996,39.860001,43.599998
3/10/2008,28.049999,5.6,4.57,206.03772,21.212534,28.51,34.68,32.085995,17.098572,114.010002,34.650002,23.99,35.310001,20.120001,6.16,42.810001,18.43,63.470001,38.299999,42.310001
3/11/2008,29.280001,5.9,4.6,219.09877,21.762035,29,36.669998,32.870174,18.192858,116.489998,36.09,25.15,37.720001,21.200001,6.48,44.830002,19.040001,67.150002,42.490002,46
3/12/2008,28.629999,5.7,4.6,219.268127,21.466848,28.450001,36.290001,32.28204,18.004286,117.07,35.32,25.139999,37.029999,21.120001,6.43,43.360001,18.52,66.510002,41.009998,45.43
3/13/2008,28.620001,5.39,4.73,220.677841,21.353315,27.5,36.799999,32.366058,18.277143,115.910004,35.5,24.950001,37.139999,21.280001,6.73,43.310001,19.700001,68.32,41.599998,45.389999
3/14/2008,27.959999,5.29,4.73,218.142349,20.853769,26.709999,35.41,31.572546,18.087143,115.230003,35.029999,24.32,35.689999,20.66,6.38,41.860001,18.32,68.220001,39.549999,43
3/17/2008,28.299999,5.11,4.94,209.151047,21.080835,25.85,34.900002,32.310047,18.104286,115.550003,35.790001,24.290001,35.959999,20.85,6.34,40.880001,17.860001,66.529999,36.380001,39.82
3/18/2008,29.42,5.29,5.33,218.76004,21.766577,27.66,36.830002,32.944859,18.974285,118.410004,37.07,25.58,38.93,21.75,6.39,41.849998,18.969999,71.699997,42.860001,44.849998
3/19/2008,28.620001,5.45,5.13,215.193405,21.158039,27.07,35.759998,32.79549,18.524286,116.940002,36.049999,24.469999,38.560001,21.09,6.15,41.040001,17.66,70.169998,43.450001,43.240002
3/20/2008,29.18,5.62,5.47,215.965515,21.117167,27.66,38.23,33.719704,19.038572,118.330002,36.849998,24.77,41.860001,21.75,6.11,41.900002,18.52,73.190002,49.669998,46.389999
3/24/2008,29.17,5.96,5.75,229.420074,21.766577,27.52,40.650002,34.513218,19.932858,119.059998,38.029999,25.639999,42.450001,22.129999,6.21,41.830002,20.030001,75.949997,48.75,44.029999
3/25/2008,29.139999,6,6,224.54834,21.916439,28.73,39.689999,34.447868,20.139999,117.970001,38,25.75,40.970001,22.27,6.3,42.68,20.32,75.169998,49.450001,44.349998
3/26/2008,28.559999,5.87,6.04,228.239502,21.498638,28.49,38.970001,33.738373,20.722857,116.910004,37.759998,24.780001,39.84,21.860001,6.22,41.880001,19.67,73.800003,47.790001,42.720001
3/27/2008,28.049999,5.83,5.86,221.210846,21.180744,28.09,38.860001,33.570335,20.035715,115.519997,37.66,24.18,38.639999,21.09,6.16,40.84,19.389999,70.800003,45.689999,41.91
3/28/2008,27.91,5.59,5.84,218.222046,20.930971,28.99,37.93,33.467644,20.43,114.57,37.66,24.08,38.07,20.790001,5.91,40.639999,19.68,69.760002,44.740002,41.290001
3/31/2008,28.379999,5.72,5.96,219.412582,20.735695,28.93,37.5,34.027771,20.5,115.139999,38.299999,24.09,37.91,21.18,5.89,40.07,19.790001,71.300003,45.700001,41.73
4/1/2008,29.5,5.97,5.95,231.985458,21.612171,28.5,39.110001,35.442825,21.361429,116.489998,39.48,24.98,40.860001,21.969999,6.07,41.73,21,76.699997,48.849998,44.130001
4/2/2008,29.16,6.13,6.04,231.980484,21.448683,27.82,39.369999,35.602268,21.07,114.809998,38.720001,24.959999,40.299999,21.85,6.19,41.970001,20.360001,77.370003,49.09,42
4/3/2008,29,6.46,6.11,226.710236,21.326067,28.129999,39.389999,35.705433,21.658571,116.019997,39.009998,24.23,40.369999,21.93,6.26,42.110001,19.98,74.940002,48.880001,42.41
4/4/2008,29.16,6.49,5.94,234.665421,21.071753,28.360001,39.220001,35.020775,21.868572,115.760002,38.48,24.389999,39.41,21.870001,6.23,41.900002,18.780001,76.870003,47.599998,40.68
4/7/2008,29.16,6.73,5.92,237.519714,20.853769,27.700001,39.419998,35.077049,22.27,116.309998,39.009998,23.940001,39.5,21.75,6.34,42.470001,19.23,76.900002,48.09,43.369999
4/8/2008,28.75,6.91,5.88,233.03154,20.921888,27.700001,39.34,34.467422,21.834286,116.269997,38.799999,23.959999,38.380001,21.08,6.03,40.560001,19.120001,77.300003,47.619999,42.98
4/9/2008,28.889999,6.72,5.76,231.228302,20.930971,27.77,37.68,33.782761,21.634285,116.769997,38.189999,23.530001,37.93,21.42,6.26,40.32,19.5,74.389999,46.099998,43.369999
4/10/2008,29.110001,6.74,5.8,233.664169,21.148956,28.59,37.919998,33.604565,22.078571,118.779999,38.200001,24.040001,37.689999,22.08,6.27,40.91,19.879999,74.830002,44.439999,43.259998
4/11/2008,28.280001,6.69,5.72,227.87088,20.64941,28.34,37.060001,33.379471,21.02,116,37.299999,23.379999,36.939999,21.24,6.01,40.759998,18.530001,71.989998,43.630001,42.669998
4/14/2008,28.059999,6.78,5.66,224.986694,20.808355,27.799999,35.43,33.144997,21.111429,117.279999,37.200001,23.309999,35.580002,20.690001,5.86,39.860001,17.91,72.610001,42.970001,42.080002
4/15/2008,28.25,6.88,5.64,222.585693,20.808355,28.17,35.880001,32.929283,21.197144,117.169998,37.330002,23.110001,35.580002,20.91,5.78,39.799999,18.120001,72.5,43.52,42.720001
4/16/2008,28.950001,7.19,5.72,226.665405,21.389647,28.309999,36.790001,33.623322,21.957144,120.470001,37.610001,23.83,36.98,22.129999,6.07,41.84,18.84,74.589996,45.419998,44
4/17/2008,29.219999,7.26,5.83,223.930649,21.485014,28.030001,36.09,33.623322,22.07,123.080002,37.57,23.889999,37.470001,22.110001,6.19,42.389999,18.58,74.040001,46.419998,43.060001
4/18/2008,30,7.45,6.05,268.697845,21.88011,28.43,37.759998,33.792141,23.005714,124.400002,37.509998,24.51,38.560001,22.549999,6.11,43.580002,19.02,80.099998,47.77,42.369999
4/21/2008,30.42,7.73,5.96,267.890869,22.002726,28.549999,37.5,33.72649,24.022858,124.349998,37.59,24.889999,37.610001,22.459999,6.14,44.360001,19.870001,80.18,47.200001,41.419998
4/22/2008,30.25,7.65,5.89,276.463745,21.875568,28.540001,37.299999,33.510773,22.885714,123.669998,37.810001,24.92,37,21.99,5.96,43.029999,19.5,79.599998,47.189999,40.630001
4/23/2008,31.450001,7.52,5.9,272.22464,21.807447,28.08,37.580002,34.073509,23.27,123.599998,38.529999,25.440001,36.860001,22.559999,5.92,43.799999,20.440001,81,47.380001,41.209999
4/24/2008,31.799999,8.4,6.25,270.506073,21.957312,27.299999,38.5,34.101643,24.134285,124.190002,38.650002,26.030001,37.869999,22.690001,6.03,44.02,19.950001,77.690002,50.389999,43.439999
4/25/2008,29.83,7.5,6.35,271.01416,21.548592,26.799999,39.349998,34.73941,24.247143,123.080002,38.580002,25.6,38.299999,22.559999,6.06,45.630001,20.15,80.860001,50.650002,44.369999
4/28/2008,28.99,8.21,6.83,275.029114,21.612171,26.43,39.549999,35.592888,24.605715,121.690002,38.299999,25.35,38.18,22.709999,6,45.919998,19.790001,81.970001,49.91,44.41
4/29/2008,28.639999,8.12,6.79,278.192261,21.725704,27.360001,39.439999,35.836739,25.007143,122.849998,38.59,25.51,37.860001,22.620001,6.02,45.939999,20.200001,80.739998,48.959999,44.119999
4/30/2008,28.52,8.26,6.23,286.072723,21.049046,27.41,38.25,36.08997,24.85,120.699997,38.709999,25.639999,37.540001,22.26,5.96,45.790001,20.549999,78.629997,48.599998,43.529999
5/1/2008,29.4,8.48,6.8,295.432648,21.811989,26.809999,39.529999,36.877796,25.714285,123.610001,39.939999,26.67,39.389999,23.290001,6.22,46.599998,21.5,79.360001,50.330002,45.130001
5/2/2008,29.24,8.27,6.45,289.559662,21.961853,28.67,39.040001,37.131027,25.848572,123.18,40.130001,26.75,39.790001,23.58,6.16,47.59,22.52,77.309998,50.310001,45.310001
5/5/2008,29.08,8.33,6.62,296.339233,21.925522,24.370001,38.689999,36.483883,26.389999,122.029999,39.849998,26.280001,38.970001,23.25,6.53,46.810001,21.959999,75.919998,48.720001,45.349998
5/6/2008,29.700001,8.27,6.78,292.085205,22.08901,25.719999,39.220001,36.474503,26.665714,122.82,39.560001,26.33,39.240002,23.58,7.12,47.299999,22.530001,75.709999,49.049999,45.66
5/7/2008,29.209999,7.96,6.52,288.418945,22.093552,25.639999,38.060001,35.90239,26.084286,124.139999,38.82,25.780001,38,23.17,6.91,46.220001,22.01,73.18,47.209999,44.369999
5/8/2008,29.27,8.2,6.55,290.416443,22.279745,26.219999,38.189999,35.874256,26.437143,124.919998,38.860001,25.700001,37.330002,23.4,6.93,45.599998,21.950001,72.790001,46.48,43.73
5/9/2008,29.389999,8.1,6.48,285.529755,22.311535,25.93,38.049999,35.55537,26.207144,124.059998,38.59,25.49,36.650002,23.370001,6.94,44.740002,22.530001,72.410004,45.959999,43.080002
5/12/2008,29.99,8.15,6.57,291.377838,21.267031,25.26,39.029999,35.696056,26.879999,125.239998,39.110001,25.84,37.439999,23.639999,7.16,45.299999,21.889999,74.529999,47.650002,44.27
5/13/2008,29.780001,8.23,6.63,290.411469,20.10445,26.559999,39.009998,35.74295,27.137142,126.580002,39.259998,25.889999,36.610001,23.76,7.19,46.060001,21.440001,74.559998,46.610001,43.68
5/14/2008,29.93,8.14,6.45,287.073975,20.726612,27.139999,39.34,36.530777,26.608572,127.519997,39.610001,25.75,36.799999,23.84,7.16,49.93,22.07,74.199997,46.959999,44.849998
5/15/2008,30.450001,8.17,6.63,289.415192,21.221617,27.75,39.91,36.483883,27.104286,128.460007,39.860001,26.5,36.709999,24.969999,7.41,50.529999,23.780001,76.120003,47.709999,45.700001
5/16/2008,29.99,8.11,6.58,288.951935,21.475931,27.66,39.950001,36.361958,26.802856,127.82,40.07,26.51,36.169998,25,7.26,49.5,24.41,76.459999,47.209999,45.549999
5/19/2008,29.459999,8.02,6.38,287.681702,21.212534,27.68,40.790001,36.671459,26.228571,126.489998,40.509998,26.370001,36.099998,24.879999,7.1,49.700001,23.9,82.290001,46.200001,45.23
5/20/2008,28.76,8,6.13,288.219696,21.099001,27.48,40.029999,35.480339,26.557142,125.18,39.369999,25.85,35.389999,24.09,7.12,48.740002,23.280001,80.720001,44.799999,44.279999
5/21/2008,28.25,7.8,5.78,273.968109,20.34514,27.33,38.849998,34.90823,25.455715,123.620003,38.889999,25.370001,34.630001,23.66,7.08,47.630001,23.09,78.300003,42.889999,43.529999
5/22/2008,28.469999,7.16,6.17,273.704102,20.390554,27.530001,39.049999,35.1427,25.292856,124.699997,39.18,25.58,34.73,23.879999,7.07,48.57,23.65,79.260002,42.950001,44.150002
5/23/2008,28.049999,6.87,6.09,271.293121,20.417803,27.719999,37.939999,34.776924,25.881428,124.199997,38.529999,25.1,33.93,23.41,6.88,48.049999,23.110001,78.349998,41.830002,43.560001
5/27/2008,28.440001,6.8,6.09,279.40274,20.75386,27,38.950001,35.058292,26.632856,127.32,38.830002,25.59,34.169998,23.6,6.92,48.02,23.360001,80.620003,42.240002,44.009998
5/28/2008,28.18,6.78,6.08,283.059021,21.126249,27.16,39.610001,35.424068,26.715714,129.539993,39.509998,25.540001,33.869999,23.469999,6.82,47.689999,23.58,80.080002,42.77,43.98
5/29/2008,28.309999,6.71,6.45,290.411469,21.30336,27.07,40.52,35.986801,26.67,129.710007,40.200001,26.209999,34.599998,23.139999,6.77,48.43,23.52,80.349998,43.779999,44.630001
5/30/2008,28.32,6.8,6.23,291.806244,21.371481,26.76,41.57,36.080589,26.964285,129.429993,39.900002,26.719999,34.009998,23.18,6.88,50.389999,24.700001,81.620003,44.23,44.529999
6/2/2008,27.799999,6.64,6.01,286.426392,21.003633,26.4,40.509998,35.508476,26.585714,127.360001,39.349998,26.35,33.580002,23.200001,6.8,51.369999,24.799999,80.230003,43.099998,42.650002
6/3/2008,27.309999,6.68,6.04,282.59079,20.999092,26.15,39.990002,35.039532,26.481428,127.839996,38.779999,26.34,33.310001,22.940001,6.81,50.830002,23.959999,80.110001,42.650002,42.23
6/4/2008,27.540001,6.46,6.05,285.041595,21.257948,26.85,40.450001,34.683136,26.455715,127.550003,38.5,26.76,31.99,23.48,7.19,51.810001,24.24,81.5,43.360001,41.450001
6/5/2008,28.299999,6.4,6.32,292.055298,22.029972,26.360001,40.990002,36.540157,27.061428,128.470001,39.459999,27.540001,31.99,23.870001,7.78,51.900002,24.85,84.510002,44.59,42.91
6/6/2008,27.49,6.04,6.07,282.441345,21.630337,26.440001,39.790001,35.855495,26.52,124.940002,38.209999,26.540001,30.5,22.9,7.43,50.299999,24.059999,80.629997,40.810001,41.150002
6/9/2008,27.709999,6.36,5.9,277.893402,21.630337,26.58,38.990002,35.583508,25.944286,125.860001,37.560001,26.43,29.610001,22.76,7.68,49.73,23.690001,79.43,39.389999,41.080002
6/10/2008,27.889999,6.12,6.12,276.050293,21.603088,26.4,39,35.189594,26.52,125.940002,37.220001,26.360001,29.620001,22.68,7.43,48.970001,22.290001,79.620003,39.23,41.360001
6/11/2008,27.120001,5.97,5.98,271.582031,21.108084,26.15,37.68,34.392391,25.83,123.25,36.139999,25.65,28.85,21.809999,6.96,47.830002,21.25,77.279999,37.130001,40.279999
6/12/2008,28.24,6,5.65,275.442566,21.330608,23.52,38.09,34.354874,24.751429,123.849998,36.389999,25.959999,29.440001,22.049999,7.14,47.82,21.379999,76.150002,38.380001,40.52
6/13/2008,29.07,6.27,5.67,284.687927,21.548592,23.469999,38.93,35.011395,24.624287,126.150002,36.68,26.370001,29.780001,22.66,7.52,48.66,21.309999,79.169998,41.040001,41.669998
6/16/2008,28.93,6.5,5.49,285.33548,21.60763,23.540001,39.18,33.989098,25.262857,126.709999,36.169998,26.27,30.32,22.860001,7.71,49.360001,21.02,81.699997,42.290001,41.900002
6/17/2008,28.799999,6.6,5.2,283.666748,21.498638,23.25,38.93,33.660835,25.918571,125.099998,35.689999,25.969999,29.24,22.58,7.72,49.41,20.51,82.970001,40.59,40.610001
6/18/2008,28.459999,6.22,5.21,280.139954,21.158039,22.91,37.32,33.745247,25.535715,124.160004,35.25,25.280001,28.370001,22.280001,7.29,48.720001,19.91,82.519997,40.689999,40.169998
6/19/2008,28.93,6.32,5.25,279.054047,21.158039,22.73,38.34,34.232948,25.842857,125.019997,35.150002,25.52,28.139999,22.85,7.33,48.450001,19.860001,84.260002,40.189999,40.740002
6/20/2008,28.23,5.81,5.07,272.194733,20.726612,21.99,37.240002,33.182514,25.038572,122.739998,34.43,24.639999,27.1,22.370001,6.99,46.189999,19.76,81.099998,38.68,40.529999
6/23/2008,27.969999,5.28,4.95,271.587036,20.667576,21.450001,37.189999,33.679592,24.737143,123.459999,34.380001,24.549999,25.879999,22.360001,6.55,46.560001,19.35,80.68,37.459999,40.099998
6/24/2008,27.73,5.32,5.05,270.137451,20.454132,22.040001,37.299999,33.210648,24.75,123.459999,34.27,24.48,26.620001,22.41,6.24,45.799999,19.99,79.639999,38.43,40.759998
6/25/2008,28.35,5.24,5.02,274.471222,20.708447,22.01,37.189999,33.379471,25.341429,124.580002,34.470001,24.700001,26.610001,22.65,6.43,46.220001,20.1,80.510002,38.18,41.009998
6/26/2008,27.75,5.07,4.96,263.422638,20.286104,21.370001,36.259998,32.17897,24.037144,121.129997,33.470001,23.82,24.809999,21.59,6.13,45.549999,19.07,76.300003,36.830002,39.34
6/27/2008,27.629999,4.98,4.92,263.049042,20.245232,21.33,36.630001,32.150833,24.298571,120.050003,32.759998,23.610001,24.59,21.49,5.95,43.91,19.280001,74.660004,36.709999,38.630001
6/30/2008,27.51,4.81,4.64,262.227112,20.077202,20.66,36.259998,33.201271,23.92,118.529999,33.689999,23.26,23.870001,21.48,5.83,43.740002,18.719999,73.330002,36.07,37.830002
7/1/2008,26.870001,4.71,4.65,266.366608,19.981834,20.200001,36.82,33.323196,24.954287,119.269997,33.299999,23.15,23.809999,21.57,5.65,43.200001,18.75,73.620003,36.599998,38.52
7/2/2008,25.879999,4.36,4.58,262.53595,19.804724,20.879999,35.470001,33.416985,24.025715,119.099998,32.889999,22.84,22.540001,20.93,5.44,42.599998,18.030001,71.440002,35.869999,36.5
7/3/2008,25.98,4.42,4.64,267.497345,19.72752,21.35,35.540001,33.529533,24.302856,119.540001,32.580002,23.120001,22.4,20.66,5.3,42.970001,12.49,72,35.91,37.049999
7/7/2008,26.030001,4.47,4.61,270.939453,19.981834,23.91,35.779999,33.229408,25.022858,121.5,32.68,22.57,21.530001,20.709999,5.38,42.950001,12.1,72.489998,35.07,35.68
7/8/2008,25.85,4.9,4.68,276.229614,19.732061,24.639999,36.59,33.163754,25.65,123.879997,32.959999,22.879999,23.540001,20.92,5.53,41.950001,12.03,75.040001,36.490002,37.23
7/9/2008,25.23,4.95,4.54,269.763855,19.168938,23.82,34.77,32.507233,24.892857,120.400002,32.119999,21.58,22.059999,19.809999,5.06,40.419998,11.82,70.610001,33.990002,35.509998
7/10/2008,25.450001,4.58,4.49,269.275696,18.823797,23.5,33.700001,32.732327,25.232857,123.18,32.77,22.129999,22.360001,20.620001,4.96,41.169998,11.79,70.629997,33.509998,36.130001
7/11/2008,25.25,4.86,4.55,265.90332,18.887375,23.57,33.330002,32.751083,24.654285,122.120003,32.580002,21.82,21.67,20.639999,4.84,40.459999,11.67,68.540001,33.439999,35.66
7/14/2008,25.15,4.66,4.36,259.83606,18.978201,22.57,33.07,32.71357,24.84,121.540001,32.369999,21.299999,20.15,20.469999,4.82,40.32,11.14,66.279999,31.75,34.439999
7/15/2008,26.15,4.65,4.49,257.08139,18.914623,21.540001,33.810001,32.863632,24.234285,123.199997,31.950001,21.040001,18.52,20.709999,4.72,40.380001,11.26,67.029999,31,34.09
7/16/2008,27.26,5.49,4.71,266.799957,19.227974,22.48,36.18,33.182514,24.687143,125.940002,31.92,21.1,22.67,20.91,5.06,41.549999,11.32,71.839996,35.049999,38.200001
7/17/2008,27.52,5.49,4.83,265.723999,19.632153,22.440001,38.73,33.229408,24.544285,126.519997,31.75,21.52,26.5,21.99,5.3,42.259998,11.36,72.110001,38.32,35.419998
7/18/2008,25.860001,5.44,4.79,239.761322,19.718437,22.450001,37.450001,33.248165,23.592857,129.889999,32.119999,21.66,27.49,22.09,4.65,41.450001,11.56,69.120003,38.57,35.959999
7/21/2008,25.639999,5.48,4.81,233.524689,19.686649,21.67,37.25,32.966797,23.755714,128.660004,31.83,21.84,28.559999,22.09,4.59,41.419998,11.63,68.480003,36.459999,34.630001
7/22/2008,25.799999,5.84,4.94,237.664169,19.768393,21.4,38.029999,32.52599,23.145714,130,31.82,21.9,32.349998,22.09,4.41,41.5,11.38,67.970001,38.669998,36.790001
7/23/2008,26.43,6.03,5.29,243.696564,20.108992,20.389999,39.310001,33.613941,23.751429,129.520004,33.060001,22.17,33.439999,22.299999,4.67,41.060001,11.72,70.540001,39.110001,36.029999
7/24/2008,25.440001,5.11,5.13,236.921951,19.700272,20.530001,36.990002,32.910526,22.718571,130,31.700001,21.76,30.639999,21.67,4.37,41.529999,11.03,78.720001,37.240002,35.23
7/25/2008,26.16,5.05,5.18,245.071411,19.850136,21.129999,37.139999,32.310276,23.16,128.529999,31.4,22.43,29.58,22.01,4.36,40.810001,11.56,78.309998,36.75,35.060001
7/28/2008,25.5,4.75,4.9,237.669159,19.527702,20.120001,36.619999,31.513071,22.057142,126.25,30.629999,21.98,28.059999,21.67,4.19,39.93,11.53,75.980003,34.959999,33.040001
7/29/2008,26.110001,5.02,5.23,240.652969,20.040873,20.15,37.880001,32.010151,22.440001,127.660004,30.700001,22.42,32.220001,22.23,4.21,37.68,11.65,78.209999,36.5,35.41
7/30/2008,26.23,4.84,5.3,240.448746,20.463215,20.030001,38.23,32.207108,22.84,128.860001,30.91,22.17,33.610001,22.23,4.23,37.540001,11.48,78.209999,38.599998,36.049999
7/31/2008,25.719999,4.8,5.06,235.990448,20.34514,19.889999,37.84,31.925741,22.707144,127.980003,30.809999,21.99,32.900002,22.190001,4.21,37.669998,11.44,76.339996,39.48,35.5
8/1/2008,25.440001,4.65,5.36,233.056442,19.963669,19.799999,37.860001,31.888226,22.379999,126.639999,30.440001,21.99,33.330002,22.35,4.28,37.830002,10.84,75.75,41.110001,35.509998
8/4/2008,25.280001,4.81,4.68,230.635529,19.954586,19.379999,37.82,31.728785,21.889999,127.559998,30.17,21.99,32.619999,22.52,4.48,37.02,10.58,75.709999,41.48,35.439999
8/5/2008,26.209999,5.09,4.65,239.029068,20.435966,19.82,39.919998,32.404064,22.948572,128.869995,31.049999,22.65,33.580002,23.02,4.6,38.389999,11.19,79.110001,43.200001,38.169998
8/6/2008,27.02,4.94,4.54,242.261948,20.504087,20,40.650002,32.113319,23.455715,129.160004,30.870001,23.93,33.450001,22.799999,4.8,39.470001,11.49,78.089996,43.18,38.220001
8/7/2008,27.389999,4.86,4.55,238.665421,20.667576,20.190001,40.029999,31.606859,23.367144,129.050003,30.309999,23.58,31.52,23.67,5.03,38.490002,11.31,76.949997,42.66,35.98
8/8/2008,28.129999,5.26,4.98,246.58075,20.808355,19.9,41.75,32.441582,24.221428,128.809998,30.969999,24.25,32.25,24.23,5.13,39.279999,11,80.510002,45.040001,37.450001
8/11/2008,27.9,5.16,5.33,249.484863,20.767485,20.26,42.549999,33.107483,24.794285,126.599998,31.84,24.620001,33.380001,24.379999,5.11,39.869999,11.23,88.089996,45.389999,38.52
8/12/2008,28.120001,5.19,5.23,250.366562,20.744778,20.43,41.41,32.657295,25.247143,125.220001,31.65,24.5,31.129999,24.52,5.21,39.220001,11.07,87.25,42.5,36.700001
8/13/2008,27.91,4.88,5.6,249.081375,20.712988,20.360001,40.919998,32.216488,25.614286,125.800003,31.299999,24.309999,28.860001,24.120001,5.15,38.349998,12.26,86.690002,40.150002,35.91
8/14/2008,27.91,5.1,5.5,251.801193,20.663034,20.280001,41.349998,32.53537,25.617144,126.940002,31.120001,24.67,30.18,24.360001,5.3,38.119999,13,88.029999,40.639999,36.549999
8/15/2008,27.809999,5.11,5.33,254.122482,20.703905,20.440001,42.560001,32.788601,25.105715,126.360001,31.66,24.91,30.700001,24.26,5.64,38.369999,12.96,86.400002,40.880001,37.130001
8/18/2008,27.690001,4.89,5.49,248.219604,20.254314,19.73,42.439999,32.582264,25.055714,124.589996,31.4,24.49,29.299999,24.01,5.91,39.029999,13.22,83.110001,39.59,35.73
8/19/2008,27.32,4.72,5.29,244.334183,19.841053,19.42,40.169998,32.075806,24.790001,122.559998,30.799999,24.24,28.08,23.59,5.58,38.150002,13.42,81.290001,38.080002,34.849998
8/20/2008,27.290001,4.61,5.28,241.594452,20.962761,19.17,39.310001,32.310276,25.120001,122.510002,30.690001,24.23,29.290001,23.389999,5.7,37.66,14.08,82.129997,37.400002,35.34
8/21/2008,27.18,4.42,5.19,242.356583,21.09446,19.110001,38.5,32.422821,24.898571,122.989998,30.76,24.23,29.040001,23.049999,5.76,37.759998,13.62,83.260002,37.060001,34.23
8/22/2008,27.84,4.47,5.36,244.379013,21.371481,19.530001,39.779999,33.098103,25.255714,124.93,31.17,24.709999,30.209999,23.49,5.81,38.380001,13.61,85.260002,38.889999,34.389999
8/25/2008,27.66,4.41,5.22,240.603165,21.257948,19.09,38.52,32.319656,24.65,122.860001,30.52,24.209999,28.959999,22.969999,5.93,38.599998,13.41,82.849998,38.220001,33.82
8/26/2008,27.27,4.35,5.17,236.194687,21.280653,19.09,38.779999,32.113319,24.805714,122.5,30.620001,24.110001,29.02,23.15,5.93,38.52,13.09,81.760002,38.580002,33.830002
8/27/2008,27.559999,4.26,5.14,233.4151,21.253407,19.370001,38.830002,32.554127,24.952858,123.379997,31.200001,24.370001,29.65,23.41,6.07,38.32,13.19,81.730003,39.049999,33.919998
8/28/2008,27.940001,4.43,5.81,236.005386,21.494097,19.65,40.25,33.266922,24.82,124.580002,32.23,24.66,31.43,23.59,6.25,38.669998,13.14,83.419998,40.599998,35.389999
8/29/2008,27.290001,4.46,5.61,230.779984,21.307901,19.379999,39.779999,32.938663,24.218571,121.730003,31.99,24.049999,31.139999,22.870001,6.29,38.200001,12.64,80.809998,40.830002,34.610001
9/2/2008,27.1,4.51,5.41,231.756317,20.8901,18.75,40.830002,33.604565,23.741428,118.410004,32.25,23.75,32.630001,22.58,6.34,37.68,12.32,81.410004,41.299999,34.830002
9/3/2008,26.9,4.57,5.1,231.337891,20.476839,18.76,41.310001,33.482635,23.851429,118.339996,32.419998,23.309999,32.959999,21.540001,6.15,37.66,11.66,80.769997,42.169998,35.580002
9/4/2008,26.35,4.39,4.94,224.289307,20.190735,17.75,40.07,32.085182,23.031429,115,31.58,22.280001,30.6,20.52,5.84,36.799999,11.5,78.029999,40.34,34.669998
9/5/2008,25.65,4.41,4.93,221.295532,20.417803,18.08,39.200001,31.963257,22.882856,114.330002,31.5,22.26,32.23,20.610001,5.96,36.060001,11.67,79.190002,41.360001,36.34
9/8/2008,26.120001,4.55,5,209.190903,20.772026,18.26,40.59,32.938663,22.559999,117.290001,32.549999,23.370001,34.73,20.969999,6.07,36.98,11.19,81.160004,43.27,39.779999
9/9/2008,26.1,4.4,4.89,208.548309,20.894642,17.58,40.849998,33.041828,21.668571,115.040001,32.549999,22.969999,32.52,20.33,5.77,35.419998,10.81,79.040001,40.400002,37.939999
9/10/2008,26.440001,4.47,4.88,206.306717,21.235241,17.700001,41.450001,32.563507,21.658571,118.040001,31.549999,22.99,32.400002,20.16,5.78,35.360001,10.82,76.739998,38.919998,38.5
9/11/2008,27.34,4.68,4.99,216.06514,21.430517,18.549999,41.349998,32.572884,21.807142,119.199997,31.559999,23.049999,33.060001,20.190001,5.71,34.75,10.3,79.510002,38.709999,39.810001
9/12/2008,27.620001,4.91,4.93,218.012833,21.330608,19.08,40.490002,32.34779,21.277143,118.970001,31.540001,23.459999,33.740002,20.16,5.75,34.900002,10.19,78.300003,37.23,39.950001
9/15/2008,26.82,4.74,4.63,216.119934,20.585831,18.85,40.400002,31.17543,20.051428,115.190002,29.959999,22.379999,26.549999,19.360001,5.18,33.720001,9.3,77.339996,32.189999,36.560001
9/16/2008,25.99,5.07,5.32,220.638,21.98456,19.26,40.349998,30.800274,19.982857,116.050003,29.879999,22.799999,29.549999,19.48,5.26,33.669998,9.59,78.730003,28.700001,37.740002
9/17/2008,24.57,4.94,5.16,206.4711,20.776567,18.82,39.650002,29.318411,18.261429,111.470001,28.799999,21.799999,27.200001,18.549999,4.9,32,10,71.540001,21.75,33.099998
9/18/2008,25.26,5.28,6.27,218.720184,21.40781,20.82,42.32,30.565802,19.155714,115.120003,29.08,22.799999,30.58,19.26,5.3,31.77,10.89,76.5,22.549999,31.57
9/19/2008,25.16,5.29,6,223.736374,21.916439,19.889999,42.799999,31.231703,20.129999,118.849998,30.43,24.290001,37.48,19.23,5.42,32.630001,11.41,81,27.209999,35.700001
9/22/2008,25.4,4.95,5.88,214.266876,21.416893,18.68,41,30.040585,18.721428,116.209999,29.209999,23.110001,34.150002,18.5,4.99,32.290001,11.17,74.93,27.09,32.279999
9/23/2008,25.440001,4.86,5.75,213.833496,21.289736,18.93,39.869999,29.121454,18.120001,115.360001,28.75,22.73,33.299999,18.629999,4.94,31.34,10.85,71.760002,28,31.809999
9/24/2008,25.719999,5.03,5.51,216.742599,21.244324,19.15,39.18,29.337168,18.387142,116.459999,28.98,22.799999,33.07,18.700001,4.88,31.77,11.25,69.959999,24.790001,32.529999
9/25/2008,26.610001,4.98,5.25,218.979218,21.662125,19.200001,39.560001,30.059343,18.847143,120.110001,30.07,23.48,34.369999,18.57,5.23,32.23,11.47,72.080002,27.1,35.439999
9/26/2008,27.4,4.81,5.66,214.715195,21.71208,18.92,40.040001,30.181269,18.32,119.419998,30,23.82,36.700001,19.200001,5.16,32.41,11.69,70.699997,24.75,36.380001
9/29/2008,25.01,4.17,4.99,189.78862,20.231607,16.879999,37.93,28.718161,15.037143,114.459999,27.75,21.790001,30.25,17.27,4.29,30.76,10.1,63.349998,20.99,26.5
9/30/2008,26.690001,5.2,5.18,199.512177,20.999092,17.299999,37.299999,30.096857,16.237143,116.959999,27.92,22.559999,35,18.73,5.25,30.870001,10.71,72.760002,23,32.580002
10/1/2008,26.48,4.55,5.29,205.091263,20.422344,16.959999,36.73,29.459093,15.588572,110.129997,28.09,21.950001,38.130001,18.52,4.74,30.5,10.41,69.580002,24.42,33.66
10/2/2008,26.25,4.35,5.28,194.5159,19.645777,15.58,33.919998,29.327789,14.3,104.739998,27.969999,21.200001,36.369999,17.200001,4.14,27.92,9.33,67.360001,23.209999,30.65
10/3/2008,26.32,4.05,5.28,192.73259,19.527702,16,32.599998,29.299652,13.867143,103.440002,28.120001,21.25,34.48,17.309999,4.53,27.99,9.03,67,23.92,29.780001
10/6/2008,24.91,3.69,5.06,184.911911,18.596731,15.31,31.950001,28.099154,14.02,100.620003,26.860001,20.459999,32.220001,16.93,4.23,26.459999,7.85,65.230003,23.5,26.9
10/7/2008,23.23,2.92,4.75,172.358963,18.019981,14.58,29.09,27.095613,12.737143,95.650002,25.74,18.84,23.77,16.02,4.59,25.299999,7.24,58.52,17.65,22.66
10/8/2008,23.01,2.66,4.67,168.423706,18.165304,13.76,29.030001,26.007662,12.827143,90.550003,24.73,18.34,22.1,16.25,4.05,23.9,7.39,61.02,16.799999,24.450001
10/9/2008,22.299999,2.08,3.85,163.875748,17.484106,12.65,27.85,24.319462,12.677143,89,23,17.190001,19.629999,15.6,4.04,23.51,6.92,56,12.45,23.18
10/10/2008,21.5,1.99,3.99,165.380112,16.802906,12.29,29.540001,25.107288,13.828571,87.75,22.42,17.23,20.870001,15.19,3.81,21.02,6.81,56.25,9.68,26.5
10/13/2008,25.5,2.39,4.47,189.798584,18.80109,13.49,30.370001,27.133129,15.751429,92.209999,26.07,19.27,22.790001,16.99,4.21,24.889999,8.05,62.02,18.1,30.68
10/14/2008,24.1,2.45,4.29,180.67778,18.378746,12.65,28.73,27.151886,14.868571,93.599998,26.68,18.540001,26.530001,15.93,4.27,26.200001,7.87,55.860001,21.940001,34.759998
10/15/2008,22.66,2.3,3.83,168.951721,17.53406,11.75,24.530001,24.985363,13.992857,88.290001,24.620001,16.57,23.82,14.99,3.91,23.43,7.02,48.720001,18.129999,29.25
10/16/2008,24.190001,2.27,4.07,175.850861,18.010899,12.99,26.34,25.707537,14.555715,91.519997,25.459999,17.75,24.25,15.88,4.12,23.74,7.7,50.290001,18.690001,31.08
10/17/2008,23.93,2.43,3.83,185.574417,18.033606,12.9,25.809999,25.501202,13.914286,90.779999,25.290001,17.91,23.24,15.5,4.21,23.91,7.65,50.650002,19.24,29.809999
10/20/2008,24.719999,2.33,3.77,188.951767,18.623978,12.86,26.25,27.189402,14.062857,92.510002,26.99,18.959999,24.4,16.040001,4.11,26.6,7.8,52.970001,19.77,31.450001
10/21/2008,23.360001,2.17,3.74,180.697708,17.279745,12.07,25.73,26.270271,13.07,88.860001,25.73,17.860001,23.969999,15.25,3.91,25.34,7.2,50.23,20.200001,31.6
10/22/2008,21.530001,2.1,3.58,177.170914,15.999092,12.39,22.35,24.150642,13.838572,83.599998,23.780001,17.41,22.66,14.58,3.62,23.379999,6.93,49.990002,19.33,28.209999
10/23/2008,22.32,2,3.46,175.502182,15.054496,12.65,21.25,24.610207,14.032857,84.349998,25.26,17.24,23,14.51,3.28,21.459999,6.54,50.32,18.08,29.58
10/24/2008,21.959999,2.01,3.3,169.011505,14.732061,12.1,19.879999,23.522257,13.768572,82.07,24.68,16.309999,21.07,14.28,3.03,19.82,6.61,48.959999,16.52,27.809999
10/27/2008,21.18,2.03,3.01,164.129807,14.159855,11.58,18.870001,25.895115,13.155714,79.660004,24.389999,16.09,20.530001,14.25,2.94,19.18,6.97,49.580002,13.73,26.5
10/28/2008,23.1,2.15,2.85,183.686493,15.935513,12.36,21.280001,29.684187,14.272857,87.279999,27.610001,18.309999,23.02,15.86,2.84,21.99,8.02,56.040001,15.2,31.799999
10/29/2008,23,2.16,2.82,178.331573,16.076294,12.14,23.52,28.605614,14.935715,88.199997,26.9,17.870001,22.32,14.94,2.98,21.129999,8.28,56.889999,14.76,30.27
10/30/2008,22.629999,2.28,2.92,179.173416,17.116259,12.93,23.99,28.605614,15.862857,90.690002,27.1,17.790001,22.780001,16.17,3.56,22.65,8.63,56.709999,16.09,31.52
10/31/2008,22.33,2.19,3.14,179.009033,17.384195,12.82,24.48,27.827168,15.37,92.970001,26.77,17.77,24.17,16.030001,3.5,23.24,8.76,57.240002,17.469999,32.990002
11/3/2008,22.620001,2.13,3.34,172.598053,17.53406,12.75,22.889999,28.840086,15.28,92.68,27.809999,17.200001,23.610001,15.64,3.61,23.24,8.44,55.77,18,32.84
11/4/2008,23.530001,2.16,3.01,182.784882,17.366032,13.35,24.25,30.58456,15.855714,93.400002,29.280001,18.33,24.530001,16.26,3.8,24.889999,8.98,58.450001,18.9,34.419998
11/5/2008,22.08,2.09,2.47,170.481003,16.462307,13.92,22.709999,28.924498,14.757143,89.940002,27.15,17.389999,21.75,15.06,3.55,24.51,8.51,51.98,17.059999,31.1
11/6/2008,20.879999,1.98,2.43,164.991577,15.27702,13.96,20.690001,27.433252,14.157143,85.150002,25.99,16.940001,20.120001,13.87,3.17,21.76,7.62,47.220001,15.39,29.91
11/7/2008,21.5,2.02,2.34,164.951721,15.731153,12.2,21.309999,28.183565,14.034286,86.269997,27,17.58,20.49,14.63,3.16,23.290001,8.72,49.209999,15.98,30.1
11/10/2008,21.299999,1.93,1.94,158.7948,15.517712,11.87,20.25,28.596235,13.697143,83.870003,27.469999,17.57,19.48,14.35,3.04,23.41,8.16,48.459999,14.58,30.139999
11/11/2008,21.200001,1.8,1.7,155.148468,15.099909,11.35,19.27,27.874062,13.538571,82.739998,27.33,17.18,18.690001,13.93,2.96,22.42,7.8,46.299999,14.08,29.639999
11/12/2008,20.299999,1.84,1.43,144.956665,14.141689,10.34,17.549999,27.161266,12.874286,79.739998,26.18,16.549999,17,13.52,2.57,21.110001,7.34,41.560001,11.94,29.190001
11/13/2008,21.25,1.9,2.05,155.457306,14.400545,11.15,18.18,29.205864,13.777143,84.209999,28.67,17.26,17.1,14.43,2.7,22.01,7.94,44.93,13.21,32.900002
11/14/2008,20.059999,1.8,1.71,154.431152,13.832879,10.82,15.35,28.136669,12.891429,80.330002,27.65,16.620001,16.42,13.32,2.43,21.120001,7.17,41.75,12.03,30.24
11/17/2008,19.32,1.72,1.89,149.499634,13.32425,10.63,14.66,27.423874,12.591429,77.480003,26.77,16.209999,15.03,13,2.5,20.92,7.02,39.689999,11.22,27.35
11/18/2008,19.620001,1.68,1.92,148.154678,15.254314,11.55,14.73,26.729837,12.844286,80.080002,26.57,16.450001,15.19,13.11,2.5,20.610001,6.79,38.439999,12.03,28.639999
11/19/2008,18.290001,1.26,1.69,139.566864,15,9.14,13.49,25.266729,12.327143,75.970001,25.23,15.08,13.06,12.49,2.12,19,6.23,35.84,10.25,25.389999
11/20/2008,17.530001,1.39,1.61,129.295364,14.455041,8.95,11.9,24.854059,11.498571,71.739998,24.51,14.47,11.25,12.23,1.91,18.34,5.9,35.029999,9.2,24.360001
11/21/2008,19.68,1.43,1.54,130.725006,15.731153,9.39,12.04,26.7017,11.797143,74.879997,25.190001,15.17,11.47,13.11,1.82,19.889999,6.38,37.869999,10.05,25.84
11/24/2008,20.690001,1.56,1.85,128.239334,16.212534,10.21,14.33,27.88344,13.278571,79.889999,26.940001,16.4,14.59,13.56,1.86,20.940001,6.8,42.5,13.38,32.25
11/25/2008,19.99,1.66,1.74,140.498383,15.258856,10.07,15.9,28.680645,12.971429,80.650002,27.290001,15.42,14.8,13.13,1.8,20.049999,6.99,42.189999,14.27,29.75
11/26/2008,20.49,2.15,1.83,145.499634,15.990009,10.58,17.059999,30.518908,13.571428,81.669998,28.389999,16.389999,15.43,13.97,2.13,20.33,7.61,43.959999,14.5,29.959999
11/28/2008,20.219999,2.69,1.88,145.933014,16.021799,11.51,17.01,30.622076,13.238571,81.599998,28.559999,16.540001,16.25,13.8,2.36,19.379999,7.47,42.700001,14.75,30.209999
12/1/2008,18.610001,2.55,1.44,132.498367,15.186194,10.74,14.71,28.765055,12.704286,76.900002,26.959999,14.96,12.85,12.56,2,18.219999,6.83,40.470001,11.35,25.85
12/2/2008,19.15,2.7,1.66,137.041336,15.563125,11.5,15.95,30.134373,13.21,79.839996,28.040001,15.32,14.37,13.28,2.03,19.219999,7.21,41.189999,12.04,27.139999
12/3/2008,19.870001,2.85,1.65,139.193268,15.812898,11.5,16.620001,31.128536,13.7,80.669998,29.08,16.01,15.05,13.66,2.2,19.450001,7.58,45.209999,13.85,29.59
12/4/2008,19.110001,2.66,1.43,136.657776,15.163487,11.05,16.059999,30.153131,13.058572,77.440002,28.17,15.33,14.34,12.77,2.08,18.440001,7.08,47.32,14.94,28.540001
12/5/2008,19.870001,2.72,1.65,141.464752,15.227066,11.66,16.6,31.128536,13.428572,80.589996,28.15,15.94,15.24,13.29,2.13,18.940001,7.36,48.259998,15.72,30.120001
12/8/2008,21.01,3.38,1.78,150.490921,15.999092,12.2,17.440001,32.103939,14.245714,84.860001,29.98,17.25,17.84,13.94,2.1,20.040001,7.12,51.41,16.299999,30.75
12/9/2008,20.6,3.23,1.99,152.413712,15.672116,12.19,16.719999,31.278599,14.294286,82.690002,29.16,17.16,16.950001,14.3,2.27,20.5,7.81,51.25,14.97,27.629999
12/10/2008,20.610001,3.25,2.11,153.833389,15.940055,13.4,17.799999,30.706486,14.03,82.860001,28.08,17.33,16.690001,14.27,2.2,20.85,8.55,49.700001,14.6,28.709999
12/11/2008,19.450001,2.9,2,149.549454,15.794732,12.73,15.95,30.453257,13.571428,80.580002,27.940001,16.91,14.91,14.01,2.2,21.040001,8.19,48.25,13.74,26.99
12/12/2008,19.360001,3.04,2.23,157.290436,16.33515,13.15,16.309999,30.762758,14.038571,82.199997,28.18,16.99,14.93,14.75,2.28,21.23,8.6,51.25,13.85,26.01
12/15/2008,19.040001,3.18,1.92,154.754944,15.812898,12.73,16.200001,30.293816,13.535714,82.769997,27.129999,16.84,14.11,14.59,2.21,20.99,8.32,48.849998,13.64,26.299999
12/16/2008,20.110001,3.13,2.01,162.032669,16.494097,13.36,17.57,31.419281,13.632857,86.400002,28.23,17.42,15.1,15.64,2.25,21.34,8.88,52.630001,16.129999,29.040001
12/17/2008,19.66,3.14,2.1,157.031403,16.562216,13.11,16.940001,31.93512,12.737143,85.839996,28.120001,16.84,14.62,15.26,2.29,20.780001,9.32,53.18,16.5,28
12/18/2008,19.299999,2.84,2,154.560669,16.06267,12.72,16.09,31.231703,12.775714,84,27.719999,16.66,13.96,14.26,2.23,20.09,8.46,52.080002,16.23,26.360001
12/19/2008,19.120001,2.95,2.11,154.505875,16.076294,13.03,16.59,31.128536,12.857142,83.519997,28.120001,16.639999,13.8,14.44,2.27,20.09,8.52,51.560001,15.45,26.280001
12/22/2008,19.18,2.59,1.8,148.000259,15.781108,12.35,15.83,31.34425,12.248571,81.989998,28.129999,16.370001,13.53,14.34,2.02,20.09,8.02,49.84,14.58,25.83
12/23/2008,19.280001,2.19,1.74,148.453552,15.690282,12.42,15.71,30.75338,12.34,80.599998,27.719999,16.24,12.75,14.07,1.96,19.66,7.91,51.080002,14.44,26.129999
12/24/2008,19.17,2.11,1.67,150.909348,15.749319,12.32,15.76,30.809654,12.148571,80.519997,27.83,16.35,13.53,14.23,1.99,19.879999,7.72,51.439999,14.5,26.34
12/26/2008,19.129999,2.29,1.8,149.619186,15.881018,12.34,15.82,31.128536,12.258572,81.330002,27.940001,16.27,13.36,14.18,2.18,20.34,7.51,51.779999,14.65,26.27
12/29/2008,18.959999,2.22,1.85,148.154678,16.158039,11.88,15.78,31.081642,12.372857,81.25,27.860001,16.01,12.94,14.13,2.1,20.959999,7.75,49.400002,14.9,25.950001
12/30/2008,19.34,2.29,1.8,150.989059,16.435059,11.97,16.5,31.166052,12.327143,83.550003,28.23,16.23,13.24,14.69,2.21,21.549999,8.02,50.759998,15.19,27.48
12/31/2008,19.440001,2.29,2.08,153.25058,16.480473,12.2,16.969999,31.794437,12.192857,84.160004,28.5,16.299999,14.08,14.66,2.16,21.870001,8.07,51.279999,16.040001,28.33
1/2/2009,20.33,2.46,2,160.060059,16.716621,12.85,18.4,32.488476,12.964286,87.370003,29.42,16.959999,14.33,15.2,2.38,21.9,8.71,54.360001,16.99,28.52
1/5/2009,20.52,2.58,2.34,163.412491,16.498638,12.86,18.93,30.462635,13.511429,86.82,28.43,17.110001,13.98,14.91,2.67,21.43,8.87,54.060001,17.620001,27.73
1/6/2009,20.76,2.76,2.63,166.406265,17.851954,13,19.799999,29.974932,13.288571,89.230003,28.299999,17.790001,14.28,15.37,2.78,22.85,9.17,57.360001,19.58,27.690001
1/7/2009,19.51,2.69,2.43,160.403763,17.184378,12.71,17.35,29.918659,13.001429,87.790001,27.209999,17.32,13.71,14.44,2.66,23.77,8.62,56.200001,18.1,26.780001
1/8/2009,20.120001,2.69,2.43,161.987823,17.093552,13.07,17.58,30.378225,13.242857,87.18,27.18,17.540001,13.54,14.55,2.74,24.209999,8.4,57.16,18.82,26.379999
1/9/2009,19.52,2.63,2.26,156.946732,17.025431,13.13,16,30.16251,12.94,84.699997,26.68,16.700001,12.99,14.15,2.69,23.549999,7.93,55.509998,19.059999,25.59
1/12/2009,19.469999,2.64,2.16,155.761169,16.793823,12.22,14.13,29.815491,12.665714,85.709999,25.940001,16.4,11.43,13.79,2.52,23.1,7.61,51.919998,18.790001,25.049999
1/13/2009,19.82,2.48,2.28,156.57312,16.271572,12.1,13.97,29.543503,12.53,85.339996,25.99,16.450001,10.65,13.67,2.38,22.24,7.65,51.450001,18.860001,25.26
1/14/2009,19.09,2.26,2,149.92305,16.071753,12.41,13.43,28.661888,12.19,83.190002,25.41,15.74,10.2,13.08,2.15,22.32,7.31,48.490002,17.190001,23.379999
1/15/2009,19.24,2.23,2.29,148.936752,16.235241,11.61,13.95,28.042881,11.911428,84.120003,25.120001,15.81,8.32,13.29,2.26,22.559999,7.57,51.439999,16.26,23.27
1/16/2009,19.709999,2.19,2.13,149.275482,15.790191,11.59,13.7,28.099154,11.761429,84.919998,25.23,15.82,7.18,13.74,2.29,22.83,7.99,51.59,15.59,22.959999
1/20/2009,18.48,2.13,1.84,140.847076,15.140781,11.01,12.02,28.014744,11.171429,81.980003,25.02,15.01,5.1,12.86,2,21.530001,7.21,48.439999,13.1,19
1/21/2009,19.379999,2.09,2.04,150.974106,15.944596,11.59,13.56,28.98077,11.832857,91.419998,25.790001,15.7,6.68,13.26,2.25,22.58,7.56,50.540001,16.860001,23
1/22/2009,17.110001,1.94,1.98,152.677719,16.117167,11.28,12.4,28.286732,12.622857,90.07,25.51,15.37,5.71,12.82,2.02,19.33,7.42,49.939999,17.58,22.08
1/23/2009,17.200001,1.8,1.99,161.743744,16.253407,11.32,11.5,28.549341,12.622857,89.489998,26.120001,15.89,6.24,13.12,2.07,20.32,7.71,50.630001,18.709999,23.879999
1/26/2009,17.629999,1.94,2,161.330292,16.153498,11.17,11.54,29.06518,12.805715,91.599998,26.83,16.299999,6,13.38,2.01,19.879999,7.97,49.630001,19.08,23.84
1/27/2009,17.66,1.97,2.04,165.121078,16.298819,11.34,12.15,28.099154,12.961429,91.660004,25.93,16.73,6.5,13.81,2.14,20.58,8.44,48.439999,19.790001,24.690001
1/28/2009,18.040001,2.03,2.17,173.68399,16.989101,12.24,12.9,28.999527,13.457143,94.82,25.91,16.879999,7.39,14.01,2.35,20.93,8.79,50.360001,23,28.059999
1/29/2009,17.59,1.95,2,171.018982,16.316984,11.74,12.87,28.352385,13.285714,92.510002,24.709999,15.93,6.78,13.37,2.2,20.27,8.28,50,21.379999,25.9
1/30/2009,17.1,1.87,1.92,168.632919,15.781108,11.73,12.18,28.014744,12.875714,91.650002,24.620001,14.97,6.58,12.9,2.19,19.219999,7.95,58.82,20.23,25.74
2/2/2009,17.83,1.88,2.05,169.649109,15.740236,12.15,11.86,28.690025,13.072857,90.93,25.16,15.31,6,13.63,2.15,19.459999,8.38,61.150002,20.799999,27.18
2/3/2009,18.5,1.96,2.09,169.58934,16.394188,12.68,13.73,29.599777,13.282857,93.480003,25.370001,15.62,5.3,13.73,2.21,19.889999,8.48,63.59,20.940001,27.15
2/4/2009,18.629999,1.95,1.93,170.859573,16.362398,13,12.7,28.708782,13.364285,92.830002,24.66,15.84,4.7,13.88,2.27,19.969999,8.72,61.060001,22.01,27.49
2/5/2009,19.040001,1.93,1.94,176.199554,15.935513,13.51,13.08,29.252758,13.78,92.410004,25.15,16.35,4.84,14.25,2.36,20.65,9.36,63.18,23.190001,27.49
2/6/2009,19.66,1.94,2.01,184.946777,16.734787,13.63,14.42,29.74984,14.245714,96.139999,26.08,17.040001,6.13,14.73,2.41,20.879999,9.87,66.550003,22.870001,28.41
2/9/2009,19.440001,1.9,2.01,188.677795,16.498638,13.9,14.3,29.440336,14.644286,96.82,25.889999,16.85,6.89,14.91,2.36,20.440001,9.74,66.709999,23.610001,28.26
2/10/2009,18.799999,1.82,2,178.585617,15.990009,12.75,13.14,28.136669,13.975715,93.269997,24.559999,16.049999,5.56,14.08,2.11,19.32,9.32,63.310001,20.790001,25.959999
2/11/2009,19.209999,1.85,2.56,178.351501,15.930972,12.63,13.41,28.117912,13.831429,95.160004,24.440001,16.17,6.07,14.08,2.15,19.459999,8.15,64.349998,22.91,27.65
2/12/2009,19.26,1.79,2.68,180.847137,16.003633,12.66,12.3,28.005365,14.181429,95.07,24.290001,16.200001,5.87,14,2.28,19.42,8.32,63.959999,22.99,26.93
2/13/2009,19.09,1.76,2.73,178.172165,16.289736,12.84,12.3,27.723999,14.165714,93.839996,24.190001,16.1,5.57,13.88,2.42,18.5,8.31,63.259998,22.93,25.26
2/17/2009,18.09,1.69,2.5,170.690216,15.594913,12.02,11.86,26.504744,13.504286,90.669998,23.219999,15.29,4.9,13.21,2.37,17.360001,7.83,61.669998,19.76,23.129999
2/18/2009,18.120001,1.67,2.58,175.895706,15.476839,12.22,11.35,26.326544,13.481428,91.510002,22.959999,15.37,4.57,13.36,2.2,17.209999,8.04,62.349998,20.18,23.68
2/19/2009,17.91,1.63,2.54,170.680252,14.255222,11.98,10.77,26.251513,12.948571,88.93,23.190001,15.04,3.93,12.68,2.12,16.98,7.42,61.950001,19.93,23.34
2/20/2009,18,1.58,2.5,172.57814,14.187102,12.14,10.82,27.020582,13.028571,88.790001,23.58,15.08,3.79,12.78,2.03,16.6,7.61,63.860001,19.43,22.83
2/23/2009,17.209999,1.73,2.51,164.413742,13.297003,11.97,10.31,26.120209,12.421429,84.370003,22.68,14.36,3.91,12.08,2.02,15.72,7.26,61.709999,18.82,21.68
2/24/2009,17.17,2,2.61,172.080002,13.451407,12.75,10.49,26.795488,12.892858,86.400002,23.25,14.99,4.73,12.73,2.12,16.780001,7.91,65.599998,22.07,24.370001
2/25/2009,16.959999,2.01,2.54,170.182114,13.678474,12.48,10.11,26.776731,13.022857,85.900002,23.709999,14.77,5.16,13.03,2.22,17.059999,8,63.709999,21.76,23.790001
2/26/2009,16.42,1.98,2.51,167.960449,13.73297,12.98,10.23,26.711079,12.741428,88.970001,24.09,14.49,5.32,12.71,2.09,16.25,8.26,62.34,21.33,23.290001
2/27/2009,16.15,2,2.46,168.363937,13.18347,13.23,10.1,26.757973,12.758572,92.029999,23.77,14.57,3.95,12.74,2.18,16.559999,8.28,64.790001,19.540001,22.17
3/2/2009,15.79,1.88,2.42,162.969147,12.747502,12.58,9.09,25.810705,12.562857,89.050003,23.040001,14.32,3.63,12.31,2.01,16.459999,7.58,61.990002,17.950001,21.389999
3/3/2009,15.88,1.81,2.38,162.132294,12.792915,12.5,9.26,25.613749,12.624286,87.769997,22.67,14.39,3.65,12.28,2.07,17.360001,7.88,61.700001,18.18,22.209999
3/4/2009,16.120001,1.87,2.79,158.864532,13.0109,13.16,8.9,26.401575,13.024285,89.489998,23,15.25,3.59,12.76,2.3,18.280001,8.46,64.809998,19.4,21.969999
3/5/2009,15.27,1.81,2.37,152.249329,12.297911,12.53,8.2,26.176481,12.691428,87.480003,22.559999,14.55,3.17,12.31,2.16,17.51,8.26,64.769997,17.98,19.65
3/6/2009,15.28,1.7,2.43,153.708862,12.252498,13.05,8.33,25.585611,12.185715,85.809998,22.58,14.18,3.14,12.41,2.14,17.25,8.39,61.689999,17.18,18.25
3/9/2009,15.15,1.74,2.36,144.901871,11.594006,12.66,8.42,24.553934,11.872857,83.480003,21.719999,13.62,3.75,12.55,2.14,17.58,8.3,60.490002,16.48,18.02
3/10/2009,16.48,1.85,2.49,153.509613,12.279746,13.23,10.01,25.895115,12.661428,87.25,23.02,14.64,4.79,13.92,2.32,18.309999,9.05,65.709999,20.84,20.559999
3/11/2009,17.110001,1.96,2.56,158.36142,12.992734,13.39,10.1,25.735674,13.24,88.620003,23.35,15.02,4.93,13.96,2.31,18.379999,9.3,68.540001,22.51,22.530001
3/12/2009,17.01,2.1,3.03,161.160934,13.32425,13.6,10.82,26.392197,13.764286,90.400002,24.35,15.51,5.85,14.52,2.4,18.5,9.85,69.580002,24.18,24.66
3/13/2009,16.65,2.19,3.05,161.604263,13.374206,13.51,10.74,26.636047,13.704286,90.360001,24.27,15.51,5.76,14.7,2.52,19.379999,9.8,68.629997,25.43,23.67
3/16/2009,16.25,2.1,2.91,159.248093,13.178928,13.22,11.16,26.776731,13.631429,91.220001,24.360001,15.45,6.18,14.25,2.48,19.49,9.42,66.980003,23.040001,22.66
3/17/2009,16.9,2.28,2.86,167.043884,13.510445,13.99,11.42,27.977228,14.237143,92.910004,25.370001,16.139999,6.27,14.9,2.76,20.450001,9.89,71.349998,23.809999,24.549999
3/18/2009,16.959999,2.47,2.9,165.928055,13.165304,13.42,13.76,28.858845,14.502857,91.949997,25.700001,16.5,7.67,15.24,2.97,20.870001,10.2,71.25,24.190001,28.129999
3/19/2009,17.139999,2.51,2.83,164.353958,13.215259,13.74,13.32,28.371141,14.517143,92.660004,25.6,16.23,6.93,15.15,2.96,20.52,10.08,70.099998,21.040001,25.139999
3/20/2009,17.059999,2.75,2.85,164.463547,13.101726,13.6,12.7,27.770893,14.512857,92.510002,25.33,15.91,6.19,14.65,2.67,19.93,9.53,69.959999,20.24,23.799999
3/23/2009,18.33,2.9,3,173.649124,14.164396,14.09,14.16,29.140211,15.38,98.709999,26.92,16.98,7.8,15.52,3.02,21.690001,10.22,75.580002,24.43,27.73
3/24/2009,17.93,2.86,2.75,172.936783,13.90554,13.63,13.46,28.614994,15.214286,98.300003,26.33,16.68,7.22,15,3.14,21.4,9.78,72.809998,25.120001,26.299999
3/25/2009,17.879999,2.77,3,171.392578,14.082652,13.55,14.11,28.277353,15.212857,97.949997,26.18,16.57,7.7,14.94,3.17,21.620001,9.94,72.400002,25.91,27.700001
3/26/2009,18.83,2.94,3,175.985367,15.077203,13.35,15.37,28.643129,15.695714,98.779999,26.35,17.309999,7.58,15.82,3.56,22.860001,10.56,73.690002,25.65,28.16
3/27/2009,18.129999,2.84,3.03,173.200806,15.13624,13.18,14.46,28.718161,15.264286,94.150002,26,16.950001,7.34,15.42,3.37,22.27,10.46,70.519997,24.35,28.030001
3/30/2009,17.48,2.76,3.17,170.705154,14.58674,12.7,13.42,28.343006,14.927143,94.519997,25.16,16.309999,6.03,14.72,3.19,20.75,9.79,71.440002,22.129999,25.92
3/31/2009,18.370001,2.63,3.5,173.380127,14.559491,12.81,13.39,28.324247,15.017143,96.889999,25.200001,16.77,6.82,15.03,3.05,20.629999,9.86,73.440002,22.77,28.25
4/1/2009,19.309999,2.74,3.77,176.383865,14.93188,12.75,13.79,29.280895,15.527143,97.610001,25.92,17.459999,7.05,15.03,3.02,22.33,10.11,73.5,23.73,28.389999
4/2/2009,19.290001,2.91,3.85,180.573166,15.299727,12.95,15.72,30.443876,16.101429,100.82,26.540001,18.139999,7.24,15.7,3.16,24.35,10.58,76.339996,23.110001,28.41
4/3/2009,18.75,3.25,4.33,184.19957,15.508629,13.34,16.559999,30.75338,16.57,102.220001,26.83,18.16,7.6,15.95,3.43,24.23,11.32,78.169998,24.059999,29
4/6/2009,18.76,3.77,4.29,183.432449,15.331517,13.23,17.1,30.978474,16.921429,101.559998,26.59,17.530001,7.48,15.86,3.53,23.83,11.35,77.989998,23.309999,28.16
4/7/2009,18.76,3.49,3.95,178.65535,15.127157,12.81,16.1,29.74984,16.428572,98.75,25.530001,16.85,7.36,15.45,3.44,23.639999,10.96,75.510002,23.32,27.309999
4/8/2009,19.190001,3.95,4.22,180.324097,15.013624,12.92,16.26,29.712324,16.617144,101.190002,25.389999,17.129999,7.06,15.27,3.68,23.360001,11.41,76.980003,22.690001,27.67
4/9/2009,19.67,4.24,4.52,185.554489,15.635786,13.47,18.02,30.106237,17.081429,101.699997,26.1,17.82,9.55,15.98,3.75,25.99,12.04,79.769997,25.35,29.65
4/13/2009,19.59,4.26,4.32,188.349014,15.676658,14.42,18.059999,29.768597,17.174286,99.949997,26.02,17.889999,11.02,15.98,3.61,25.84,11.65,78.940002,26.889999,32.43
4/14/2009,19.35,4.3,4.15,183.766205,15.495005,14.07,17.77,29.355927,16.901428,99.269997,25.280001,17.93,10.09,16.01,3.63,25.4,11.72,77.220001,23.67,31.200001
4/15/2009,18.83,4.04,4.26,189.041428,15.826521,14.02,17.129999,29.721703,16.805714,98.849998,25.450001,17.559999,10.44,15.62,3.44,25,11.39,74.709999,23.450001,32.560001
4/16/2009,19.76,4.16,4.39,193.64418,16.621254,14.43,18.110001,29.759218,17.35,101.43,25.99,18.08,10.34,15.89,3.57,25.190001,11.68,77.25,23.969999,31.209999
4/17/2009,19.200001,4,4.53,195.387634,16.485014,14.39,18.92,29.806112,17.631428,101.269997,25.950001,17.99,10.6,15.6,3.56,26.370001,11.76,78.050003,25,30.219999
4/20/2009,18.610001,3.69,4.16,188.941803,15.749319,13.66,17.6,29.008907,17.214285,100.43,25.290001,17.309999,8.02,15,3.31,25.700001,11.05,77.57,23.52,28.030001
4/21/2009,18.969999,3.8,4.4,190.022751,16.089918,14.38,18.200001,29.112074,17.394285,102.309998,25.280001,17.690001,8.76,15.36,3.36,26.23,11.02,78.739998,24.65,27.98
4/22/2009,18.780001,4.28,4.32,191.213287,15.749319,14.48,19.129999,28.990149,17.358572,102.550003,25.74,17.440001,8.26,15.67,3.33,25.530001,11.35,79.199997,22.440001,26.25
4/23/2009,18.92,4.49,4.23,191.62674,15.785649,14.55,19.200001,29.074558,17.914286,101.419998,25.5,17.620001,8.82,15.53,3.53,25.879999,11.17,80.610001,21.959999,26.85
4/24/2009,20.91,5,4.26,194.017776,16.257948,14.73,20.440001,29.074558,17.700001,100.080002,25.16,18.42,9.1,15.62,3.51,26.610001,11.43,84.459999,21.959999,26.879999
4/27/2009,20.4,5.11,4.16,192.254379,16.099001,13.89,19.450001,28.643129,17.818571,99.949997,25.309999,18.370001,8.92,15.28,3.47,26.309999,11.02,83.120003,21.26,25.809999
4/28/2009,19.93,5.19,4.24,191.138565,16.085377,13.64,19.59,29.037043,17.700001,101.940002,25.65,18.67,8.15,15.05,3.41,25.77,11.05,82.400002,21.08,25.02
4/29/2009,20.25,5.45,4.33,195.004074,16.553133,14.02,21.09,28.521204,17.877142,104.040001,25.52,19.25,8.68,15.35,3.51,26.139999,10.88,79.790001,23.07,26.65
4/30/2009,20.26,5.98,4.2,197.245682,16.339691,14.29,22.16,28.455553,17.975714,103.209999,25.620001,19.32,8.93,15.78,3.61,25.860001,11.48,80.519997,23.639999,25.48
5/1/2009,20.24,5.69,3.98,196.109924,16.584923,14.14,21.52,28.65251,18.177143,104.610001,26.01,19.58,8.7,15.81,3.82,26.41,11.67,78.959999,25.82,25.9
5/4/2009,20.190001,5.88,4.12,200.239456,16.866486,14.18,21.969999,29.112074,18.867144,106.190002,26.690001,19.5,10.38,16.66,4.26,27.23,12.3,79.769997,27.02,27.84
5/5/2009,19.790001,5.85,4.03,200.742569,16.71208,14.74,21.559999,28.727541,18.95857,105.849998,26.5,19.629999,10.84,16.16,4.32,27.25,11.8,81.900002,27.209999,27.41
5/6/2009,19.790001,6.26,4,200.981674,16.498638,14.85,21.15,28.849466,18.928572,104.620003,26.690001,19.610001,12.69,16.120001,4.31,27.74,11.56,81.989998,28.51,30.459999
5/7/2009,19.32,6.06,3.99,197.564484,15.681199,14.8,19.65,28.005365,18.437143,102.589996,25.450001,18.950001,13.51,15.77,4.01,27.25,10.73,79.279999,27.139999,29.51
5/8/2009,19.42,6.24,4,202.904465,15.749319,15.15,20.200001,27.995987,18.455715,101.489998,25.25,18.73,14.17,15.29,3.93,27.940001,9.25,77.949997,28.200001,32.150002
5/11/2009,19.32,6.08,3.9,203.228256,15.908265,15.54,19.030001,27.96785,18.51,102.900002,25.360001,18.610001,12.94,15.37,4.22,26.950001,9.43,78.610001,26.07,29.549999
5/12/2009,19.889999,5.01,3.85,198.759995,15.8901,15.1,18.6,28.511826,17.774286,103.940002,25.73,18.719999,12.26,15.21,4.35,26.84,8.98,77.93,26.42,28.43
5/13/2009,19.75,4.96,3.74,194.042679,15.535876,14.52,17.15,27.902197,17.07,102.260002,25.24,18.049999,11.01,15.13,4.38,25.85,8.4,74.190002,25.1,27.950001
5/14/2009,20.059999,5.16,3.69,193.026489,15.862852,14.76,17.209999,28.117912,17.564285,101.050003,24.98,18.09,11.31,15.54,4.24,26.26,8.52,75.110001,26.57,28.440001
5/15/2009,20.219999,5.49,3.61,194.27182,15.899182,14.91,17.48,27.770893,17.488571,101.370003,24.879999,17.92,10.67,15.19,4.01,26.48,8.74,73.599998,26.129999,27.68
5/18/2009,20.6,5.5,3.86,197.679047,16.226158,15.17,18.389999,27.855303,18.092857,104.580002,24.59,18.719999,11.73,15.52,4.14,26.23,9.27,75.949997,28.280001,28.469999
5/19/2009,20.309999,5.63,4.07,198.695236,16.612171,15.18,18.09,27.808409,18.207144,105.510002,24.67,18.879999,11.25,15.65,4.39,26.049999,9.45,77.870003,28.91,27.709999
5/20/2009,20.379999,5.41,4.17,197.848419,15.744778,14.96,17.540001,27.977228,17.981428,104.050003,24.129999,18.6,11.49,15.58,4.5,26.110001,9.73,77.970001,28,26.66
5/21/2009,19.82,5.33,4.1,197.509689,15.540418,14.87,16.75,27.348843,17.74,102.82,23.67,18.1,11.41,15.18,4.34,25.780001,9.67,75.959999,28.09,27.200001
5/22/2009,19.75,5.26,4.1,196.015289,15.504087,14.98,16.459999,27.020582,17.5,101.889999,23.68,17.9,11.07,15.05,4.26,25.790001,9.82,75.639999,28.23,26.91
5/26/2009,20.34,5.4,4.25,201.425003,15.653951,15.28,17.08,27.789652,18.682858,105.019997,24.51,18.49,10.98,15.48,4.53,26.58,10.35,78.389999,29.02,28.84
5/27/2009,20.129999,5.34,4.14,202.022766,15.594913,14.94,16.299999,27.151886,19.007143,102.93,24.07,18.219999,10.91,15.46,4.71,25.559999,10.37,77.099998,28.610001,27.43
5/28/2009,20.450001,5.56,4.08,204.433731,15.758402,15.09,16.450001,27.452011,19.295713,104.690002,24.629999,18.51,11.3,15.72,4.7,25.73,10.51,77.650002,29.43,27.82
5/29/2009,20.889999,5.75,4.3,207.835983,15.599455,15.84,16.969999,27.442633,19.401428,106.279999,24.790001,18.5,11.27,15.72,4.54,26.23,10.43,77.989998,30.32,27.780001
6/1/2009,21.4,6.13,4.81,212.483566,16.348774,16.58,18.450001,27.433252,19.907143,108.370003,24.639999,19.5,11.21,16.5,4.73,27.34,10.94,83.050003,29.889999,27.450001
6/2/2009,21.4,6.41,5.14,213.400131,16.276114,16.620001,19.040001,27.733377,19.927143,106.830002,24.84,19.610001,11.41,16.190001,4.56,28,10.85,84.93,30.09,27.84
6/3/2009,21.73,6.18,5.5,215.019058,16.180744,16.299999,18.280001,27.752136,20.135714,106.489998,24.459999,19.360001,11.21,15.94,4.48,27.370001,10.51,85.68,29.719999,27.860001
6/4/2009,21.83,6.36,5.83,219.317947,16.389647,16.65,18.709999,27.733377,20.534286,106.330002,24.360001,19.67,11.87,16.129999,4.65,27.709999,10.89,85.519997,31.200001,28.870001
6/5/2009,22.139999,6.36,6.1,221.330399,16.961853,16.639999,17.469999,27.433252,20.667143,107.239998,24.559999,19.870001,11.86,15.92,4.63,27.83,10.83,87.559998,30.969999,28.219999
6/8/2009,22.049999,6.38,6.17,218.565765,16.989101,16.190001,17.030001,27.46139,20.549999,107.489998,24.4,19.870001,12.06,15.92,4.61,27.549999,10.77,86.360001,31.389999,28.540001
6/9/2009,22.08,6.26,6.29,216.996643,16.730246,16.4,17,27.592695,20.388571,108.139999,24.209999,20.08,12.06,16.42,4.75,27.639999,11.36,87.080002,30.98,28.790001
6/10/2009,22.549999,6.19,6.22,215.492279,16.707539,16.32,16.530001,27.695862,20.035715,108.349998,24.280001,19.950001,11.98,16.459999,4.82,27.360001,11.72,86.589996,29.26,28.459999
6/11/2009,22.83,5.98,6.52,213.699005,16.907356,16.190001,16.870001,27.902197,19.992857,109.400002,24.790001,20.1,12.97,16.35,4.7,27.42,11.57,85.690002,29.49,28.959999
6/12/2009,23.33,6.11,6.4,211.62677,17.148046,16.4,16.68,28.06164,19.567142,108.209999,25.01,19.91,13.72,16.309999,4.47,27.290001,11.51,84.080002,29.700001,29.02
6/15/2009,23.42,5.93,6.27,207.606842,16.839237,16.4,16.110001,27.88344,19.441429,107.620003,24.629999,19.360001,13.33,15.98,4.26,26.24,11.32,83.18,28.4,28.459999
6/16/2009,23.450001,5.67,6.26,207.223282,16.730246,15.96,15.97,27.70524,19.478571,107.32,24.219999,19.08,12.73,15.86,4.13,25.959999,11.01,82.150002,28.1,28.379999
6/17/2009,23.68,5.71,6.28,206.80484,16.993643,15.6,16.5,27.930334,19.368572,107,24.139999,19.200001,12.3,16.139999,4.08,26.389999,11.28,82.650002,27.48,28.24
6/18/2009,23.5,5.68,6.31,206.256897,17.052679,15.34,16.42,28.221081,19.411428,106.330002,24.129999,18.99,12.9,15.87,3.85,25.98,11.06,81.599998,28.030001,28.9
6/19/2009,24.07,5.72,6.71,209.260635,17.415985,15.8,16.559999,27.817787,19.925714,105.889999,24.040001,18.92,13.22,16.01,3.87,26.23,11.18,82.959999,28.27,29.6
6/22/2009,23.280001,5.38,6.44,202.914429,17.138964,14.71,15.57,28.155428,19.624287,104.519997,24.15,18.41,11.94,15.68,3.62,25.32,10.55,79.150002,26.629999,27.969999
6/23/2009,23.34,5.53,6.67,202.08255,16.966394,14.68,15.34,28.624372,19.144285,104.440002,24.66,18.57,12.23,15.81,3.55,25.809999,10.5,77.68,27.700001,28.34
6/24/2009,23.469999,5.63,6.83,203.880798,16.902815,15.45,15.91,28.886982,19.459999,104.150002,24.65,18.610001,12.35,16.1,3.66,25.9,10.85,79.269997,27.65,28.91
6/25/2009,23.790001,5.68,6.9,207.108704,17.311535,15.53,16.389999,29.15897,19.98,106.059998,24.85,19.030001,12.35,16.309999,3.64,26.51,11.42,82.199997,27.870001,29.610001
6/26/2009,23.35,5.61,7.86,211.865875,17.079927,15.74,16.67,29.06518,20.348572,105.68,24.82,18.91,12.75,16.290001,3.62,26.299999,11.57,83.879997,28.620001,29.360001
6/29/2009,23.860001,5.78,7.65,211.278076,17.702089,15.9,16.790001,29.412199,20.281429,105.830002,25.219999,18.99,13.19,16.379999,3.72,26.58,11.57,83.029999,29.1,29.709999
6/30/2009,23.77,6.07,7.88,210.007843,17.552225,15.66,16.209999,28.821329,20.347143,104.419998,24.84,18.65,13.2,16.549999,3.87,25.860001,11.29,83.660004,28.51,29.309999
7/1/2009,24.040001,5.91,8.24,208.712692,17.565849,15.41,16.41,28.905739,20.404285,104.839996,25.07,18.799999,13.05,17.040001,3.91,25.98,11.34,81.599998,28.360001,28.690001
7/2/2009,23.370001,5.89,8.16,203.4823,17.188919,14.99,15.58,28.30549,20.002857,101.730003,24.59,18.5,12.64,16.719999,3.78,25.190001,10.9,79.32,26.99,27.57
7/6/2009,23.200001,5.75,7.57,204.040207,17.134422,14.91,15.37,28.47431,19.801428,101.650002,24.799999,18.530001,12.15,16.540001,3.55,25.27,10.55,78.099998,26.85,28.360001
7/7/2009,22.530001,5.53,7.62,197.574448,16.730246,14.44,15.04,27.79903,19.342857,100.190002,24.33,18.24,12.15,16.25,3.43,24.34,10.09,75.629997,26.15,27.610001
7/8/2009,22.559999,5.35,7.79,200.4935,16.898273,14.38,15.57,26.87052,19.602858,100.68,23.540001,18.129999,11.84,15.94,3.36,24.4,10.11,77.360001,25.5,27.549999
7/9/2009,22.440001,5.63,7.69,204.428757,16.939146,14.55,15.67,26.861141,19.48,102.080002,23.379999,18.17,11.97,16.02,3.48,24.450001,10.33,78.099998,25.879999,27.57
7/10/2009,22.389999,5.72,7.77,206.42627,16.911898,14.93,16.18,26.842382,19.788572,100.830002,23.440001,18.34,11.88,16.040001,3.49,23.85,10.37,77.629997,25.940001,27.26
7/13/2009,23.23,5.69,7.96,211.357773,16.939146,15.01,16.58,27.245676,20.334286,103.620003,23.77,18.57,12.99,16.49,3.56,24.08,10.49,81.470001,27.91,28.530001
7/14/2009,23.110001,5.84,8.04,211.552048,16.866486,15.18,16.530001,27.151886,20.324286,103.25,23.450001,18.73,12.91,16.83,3.55,24.77,10.71,81.949997,27.879999,28.76
7/15/2009,24.120001,6.05,8.52,218.266876,17.629427,15.71,17.49,27.517664,20.982857,107.220001,23.969999,19.809999,13.42,18.049999,3.86,25.23,11.15,84.550003,28.799999,29.370001
7/16/2009,24.440001,6.13,8.36,220.473618,18.01544,16.190001,18.959999,27.667725,21.074286,110.639999,23.709999,20.120001,13.17,18.5,3.92,24.790001,11.73,86.110001,28.559999,29.66
7/17/2009,24.290001,6.14,8.26,214.321671,18.156221,16.84,18.92,27.752136,21.678572,115.419998,23.98,20.51,12.89,18.790001,4,24.34,12.07,85.849998,27.99,29.389999
7/20/2009,24.530001,6.19,8.28,214.281815,18.36058,17.01,19.940001,27.920956,21.844286,116.440002,24.42,21.15,12.24,18.9,4.17,24.629999,12.22,88.230003,28.34,29.52
7/21/2009,24.83,6.2,8.29,213.151062,18.42416,16.75,19.98,28.436794,21.644285,117.040001,24.57,21.59,12.19,18.9,4.08,24.639999,11.97,89.010002,27.559999,29.110001
7/22/2009,24.799999,6.38,7.75,213.046448,18.52861,17.370001,20.190001,28.258596,22.391428,115.57,24.84,21.450001,12.23,19.139999,3.55,24.700001,12.27,88.790001,27.540001,27.32
7/23/2009,25.559999,6.98,8.03,217.853439,18.910082,17.360001,21.969999,29.327789,22.545713,117.059998,25.48,21.9,12.69,19.48,3.59,25.280001,13,93.870003,28.540001,27.24
7/24/2009,23.450001,6.78,8.14,222.525925,18.946413,17.48,21.74,29.543503,22.855715,117.639999,25.450001,21.879999,12.51,19.360001,3.77,25.379999,12.96,86.489998,28.25,26.74
7/27/2009,23.110001,7.27,8.28,221.569504,19.000908,17,21.76,29.074558,22.871429,117.629997,25.73,21.84,13.09,19.469999,3.8,24.780001,13.02,84.239998,28.049999,27
7/28/2009,23.469999,7.14,8.25,219.103745,19.064487,17.219999,21.780001,29.449715,22.857143,117.279999,25.52,21.93,13.34,19.370001,3.77,24.549999,13.04,84.980003,27.43,26.74
7/29/2009,23.799999,7.12,8.3,217.305481,19.159855,15.14,21.57,29.99369,22.861429,117.260002,25.950001,21.719999,13.52,19.4,3.71,24.82,12.78,84.339996,27.16,27.120001
7/30/2009,23.809999,7.39,8.23,221.98793,19.396004,14.6,22.290001,30.303194,23.255714,117.860001,26.34,21.98,13.97,19.33,3.66,27.280001,12.88,86.089996,28.360001,27.49
7/31/2009,23.52,8,8.12,220.697769,19.663942,14.32,22.6,30.0781,23.341429,117.93,26.23,22.01,14.79,19.25,3.66,27.959999,12.93,85.760002,28.5,27.34
8/3/2009,23.83,8.33,8.16,225.260666,19.700272,14.34,23.34,30.040585,23.775715,119.919998,26.23,22.57,15.32,19.370001,3.74,28.620001,13.28,87.440002,29.309999,28.23
8/4/2009,23.77,8.3,9.36,226.017822,19.718437,14.51,23.309999,29.881144,23.65,119.599998,26.27,22.440001,15.64,19.32,3.76,28,13.37,85.800003,30.07,28.530001
8/5/2009,23.809999,8.44,9.11,224.727661,19.645777,14.67,22.48,29.327789,23.587143,118.470001,25.73,22.17,16.66,18.860001,3.75,28.059999,13.4,84.290001,31.049999,29.4
8/6/2009,23.459999,8.07,8.22,224.339127,19.168938,14.74,23.01,29.037043,23.415714,117.379997,25.549999,22.309999,16.700001,18.700001,3.71,28.280001,13.12,84.470001,30.549999,29.139999
8/7/2009,23.559999,8.01,8.51,227.696533,19.772934,14.62,23.76,29.14959,23.644285,119.330002,25.620001,22.190001,16.42,18.5,3.7,28.34,13.71,85.32,31.219999,30.309999
8/10/2009,23.42,7.72,8.31,227.452454,19.83197,14.63,23.459999,28.999527,23.531429,118.699997,25.58,21.639999,16.68,18.76,3.68,28.65,13.26,84.440002,30.83,29.389999
8/11/2009,23.129999,7.81,8.08,226.122437,19.704813,14.46,22.42,28.699404,23.261429,117.790001,25.360001,21.17,15.85,18.639999,3.59,28.299999,12.95,83.559998,29.889999,28.059999
8/12/2009,23.530001,7.7,8.19,228.433777,20.063578,14.68,22.9,29.271515,23.615715,119.290001,25.65,21.43,15.93,18.809999,3.59,28.549999,13.43,85.959999,29.98,28.709999
8/13/2009,23.620001,7.9,8.42,230.276871,20.140781,15.04,23.33,29.112074,24.059999,119.580002,25.48,21.51,17,19.049999,3.68,28.43,13.83,84.599998,29.879999,28.84
8/14/2009,23.690001,7.83,8.1,229.141129,20.022707,15.04,22.700001,29.14959,23.825714,118.57,25.450001,21.309999,17.389999,18.77,3.69,27.92,13.42,83.580002,29.790001,28.57
8/17/2009,23.25,7.37,7.76,221.614334,19.577656,14.56,21.459999,28.343006,22.798571,116.860001,25.02,20.73,16.559999,18.450001,3.55,27.02,12.86,81.059998,28.540001,27.700001
8/18/2009,23.58,7.64,7.94,221.808609,19.963669,14.75,21.620001,28.399279,23.428572,117.629997,25.1,21.01,16.9,18.77,3.56,27.57,13.33,82.120003,28.780001,28.6
8/19/2009,23.65,7.65,8.04,221.156052,19.904633,14.79,21.610001,28.539963,23.514286,118.57,25.379999,21.24,16.75,18.799999,3.52,26.68,13.18,83,28.83,28.58
8/20/2009,23.67,7.68,8.2,229.345352,19.972752,14.77,21.809999,28.80257,23.761429,118.949997,25.540001,21.889999,17.139999,18.709999,3.52,26.5,13.7,84.089996,29.360001,28.940001
8/21/2009,24.41,7.74,8.05,231.751343,20.336058,14.79,22.209999,29.421577,24.174286,119.900002,26,22.190001,17.459999,18.889999,3.7,26.610001,13.93,85,29.690001,29.120001
8/24/2009,24.639999,7.41,7.8,233.489822,20.340599,14.99,21.620001,29.459093,24.151428,119.32,26.139999,22.059999,17.35,18.76,4,26.58,13.54,84.5,29.65,29.190001
8/25/2009,24.639999,7.59,7.67,234.804901,20.290646,15.07,22.35,29.365305,24.200001,118.830002,26.299999,22,17.75,19.1,4.02,26.84,13.66,84.190002,30.190001,29.389999
8/26/2009,24.549999,7.61,7.71,233.12619,20.199818,14.93,21.950001,29.524746,23.915714,119.470001,26.51,21.93,17.790001,19.43,4.06,27.030001,13.82,84,29.530001,28.82
8/27/2009,24.690001,7.67,7.66,232.159805,20.349682,14.93,22.610001,29.121454,24.207144,119.43,26.42,21.879999,17.92,19.469999,4.23,27.25,14.01,84.309998,29.84,29.360001
8/28/2009,24.68,7.73,7.38,231.507248,20.326975,14.85,23.33,29.093317,24.292856,118.220001,26.209999,22,17.98,20.25,4.47,27.299999,14.73,82.760002,29.51,28.93
8/31/2009,24.65,7.6,7.31,229.973007,20.386013,14.61,23.98,29.112074,24.030001,118.050003,26.049999,21.6,17.59,20.32,4.36,26.74,14.52,81.190002,28.959999,29.610001
9/1/2009,24,7.24,6.82,227.029037,19.922798,14.18,23.18,28.483688,23.614286,116.690002,25.360001,21.17,16.459999,19.719999,4.22,26.389999,14.03,79.160004,27.450001,28.1
9/2/2009,23.860001,7.03,6.85,225.65918,20.095367,14.23,22.67,28.267975,23.597143,116.089996,25.370001,21.549999,16.27,19.469999,4.28,26.290001,14.23,78.139999,27.09,27.950001
9/3/2009,24.110001,7.48,7.1,227.905746,20.186193,14.28,22.620001,28.361763,23.792856,116.330002,25.15,21.49,16.84,19.42,4.53,26.280001,14.57,78.459999,27.65,28.15
9/4/2009,24.620001,7.43,7.35,229.788696,20.48138,14.5,23.290001,28.699404,24.33,117.459999,25.51,21.84,17.09,19.639999,4.53,26.51,15.11,78.870003,27.65,28.09
9/8/2009,24.82,7.3,7.53,228.453705,20.64941,14.49,25.02,29.027664,24.704287,117.160004,25.75,21.92,17.02,19.799999,5.19,26.9,15.53,80.900002,27.799999,28.51
9/9/2009,24.780001,7.39,7.86,231.118713,20.881018,14.78,25.190001,28.971392,24.448572,116.760002,25.940001,22.23,17.040001,19.93,5.2,26.59,15.96,82.239998,28.549999,29.120001
9/10/2009,25,7.44,8.07,234.590698,21.117167,15.45,25.25,29.402821,24.651428,117.669998,26.559999,23.01,17.219999,19.76,5.38,26.99,16.469999,83.849998,28.639999,29.209999
9/11/2009,24.860001,7.33,8.18,235.188461,20.935513,15.59,25.040001,29.318411,24.594286,118.050003,26.66,23.09,16.969999,19.51,5.68,27.27,16.32,84.540001,28.82,28.67
9/14/2009,25,7.39,8.29,236.672897,20.75386,15.57,24.690001,29.140211,24.817142,118.879997,26.530001,22.790001,16.99,19.360001,5.72,27.01,16.049999,83.860001,28.75,29.02
9/15/2009,25.200001,7.2,8.61,237.878372,20.726612,16.41,24.969999,29.074558,25.022858,119.349998,26.700001,22.98,16.790001,19.549999,5.88,26.75,16.379999,83.550003,28.74,28.83
9/16/2009,25.200001,7.15,8.84,243.233307,20.726612,16.99,25.120001,28.521204,25.981428,121.82,26.540001,23.360001,17.25,19.65,5.69,27.65,15.94,90.699997,30.15,30.719999
9/17/2009,25.299999,6.92,8.7,244.941895,20.758402,17.5,24.68,27.677105,26.364286,121.879997,26.370001,23.389999,17.610001,19.41,5.67,27.540001,15.24,90.440002,31.049999,30.74
9/18/2009,25.26,6.94,8.66,244.812378,20.95822,17.389999,24.91,27.752136,26.431429,122.110001,27.049999,23.4,17.629999,19.559999,5.7,28.459999,15.22,90.279999,31.379999,30.299999
9/21/2009,25.299999,6.83,8.5,247.572037,21.049046,17.040001,24.389999,27.658346,26.288572,121.57,26.870001,23.629999,17.25,19.540001,5.81,28.33,15.15,90.559998,31.610001,29.629999
9/22/2009,25.77,7.01,8.6,248.59819,21.348774,16.860001,24.719999,27.677105,26.354286,121.610001,26.5,23.41,17.610001,19.530001,6.08,28.370001,15.18,93.75,32.98,29.91
9/23/2009,25.709999,7.36,8.61,248.299316,21.312443,17.209999,24.280001,28.024124,26.5,120.82,27.129999,22.799999,17.5,19.879999,6.02,28.15,14.94,92.379997,32.029999,29.549999
9/24/2009,25.940001,7.33,8.48,247.457474,21.285194,16.889999,23.530001,28.277353,26.26,120.940002,27.030001,22.65,16.98,19.540001,5.66,28.809999,14.74,92.110001,30.73,29.34
9/25/2009,25.549999,7.29,8.19,245.32048,21.353315,17.08,22.969999,28.080397,26.052856,121.080002,26.959999,22.620001,16.6,19.370001,5.83,29.43,14.5,90.519997,30.549999,29.07
9/28/2009,25.83,7.49,8.43,248.334183,21.74387,17.469999,23.040001,28.464931,26.592857,119.330002,27.43,23.610001,17.219999,19.74,5.94,30,14.83,92.209999,31.25,29.959999
9/29/2009,25.75,7.45,8.38,248.334183,21.54405,17.450001,22.889999,28.286732,26.482857,118.809998,27.200001,23.299999,17.16,19.48,5.78,29.389999,14.56,91.720001,31.09,29.33
9/30/2009,25.719999,7.21,8.33,246.999191,21.4396,17.809999,23,28.3899,26.478571,119.610001,27.01,23.540001,16.92,19.57,5.66,29.200001,15.03,93.360001,30.879999,28.99
10/1/2009,24.879999,6.97,7.81,242.690338,20.871935,17.389999,21.74,28.146049,25.837143,117.900002,26.610001,23.09,16.209999,18.9,5.39,28.02,13.96,91.040001,29.870001,27.9
10/2/2009,24.959999,6.84,7.86,241.385223,20.563124,16.84,21.01,28.033503,26.414286,119.019997,26.52,22.67,16.34,18.969999,5.31,27.16,13.85,89.849998,29.459999,27.6
10/5/2009,24.639999,7.05,8.31,243.34787,20.921888,16.799999,21.85,28.099154,26.574286,119.75,26.76,22.940001,16.959999,19.1,5.54,27.17,13.78,88.669998,29.84,27.700001
10/6/2009,25.110001,7.14,8.39,248.438797,21.348774,17.299999,22.129999,28.296112,27.144285,121.349998,27.15,23.35,17,19.629999,5.64,27.629999,14.01,90.910004,30.790001,28.17
10/7/2009,25.1,7.13,8.23,257.80368,21.144415,17.49,22.52,27.55518,27.178572,122.779999,26.18,23.610001,17.35,19.75,5.54,28.09,13.9,93.970001,31.16,28.5
10/8/2009,25.67,7.18,8.26,256.129974,21.099001,17.58,23.280001,27.348843,27.038572,122.290001,25.940001,23.67,17.33,19.879999,5.51,28.200001,13.99,95.220001,31.940001,28.469999
10/9/2009,25.549999,7.12,8.54,257.161102,21.516804,16.870001,23.75,27.348843,27.209999,125.93,25.66,24.030001,17.5,20.17,5.88,28.440001,14.17,95.709999,32.09,28.68
10/12/2009,25.719999,7.62,8.28,261.041565,21.362398,16.75,24.139999,27.19878,27.258572,127.040001,25.6,23.780001,18.030001,20.4,6.14,28.620001,14.01,93.599998,31.76,28.629999
10/13/2009,25.809999,7.62,8.01,262.072693,21.203451,16.879999,24.639999,27.217539,27.145714,127.019997,25.9,23.889999,17.809999,20.49,6.08,28.200001,13.96,94.830002,31.139999,27.74
10/14/2009,25.959999,7.66,8.4,266.660492,21.748411,16.950001,26.26,27.142508,27.327143,128.350006,25.83,24.379999,18.59,20.83,6.25,28.559999,13.94,97.459999,32.830002,28.18
10/15/2009,26.709999,7.66,8.38,263.965607,21.798365,16.52,27.690001,27.301949,27.222857,127.980003,25.91,24.370001,18.1,20.67,6.19,29.219999,13.53,96.010002,32.709999,28.129999
10/16/2009,26.5,7.42,8.15,273.898376,21.966394,16.809999,27.860001,27.104992,26.864286,121.639999,25.700001,24.02,17.26,20.18,5.74,28.879999,13.22,95.32,32.990002,27.24
10/19/2009,26.360001,7.57,8.27,275.014191,22.011808,17.219999,28.540001,27.161266,27.122858,123.059998,26,24.25,17.16,20.41,5.87,29.51,13.7,94.68,33.110001,27.23
10/20/2009,26.370001,7.71,8.18,274.829865,22.134422,17.17,28.530001,27.011204,28.394285,122.82,25.99,24.110001,17.01,20.18,5.98,29.110001,13.71,94.980003,32.52,28.9
10/21/2009,26.58,7.78,8.14,274.521027,21.898273,17.66,28.34,27.226917,29.274286,120.870003,25.940001,23.959999,16.51,19.860001,5.77,28.959999,13.38,93.419998,34.080002,28.059999
10/22/2009,26.59,7.76,8.2,276.010437,21.943687,17.67,28.719999,27.217539,29.314285,122.690002,26.1,24.18,16.52,20.120001,5.83,29.26,13.47,93.449997,35.740002,29.25
10/23/2009,28.02,7.63,8.11,275.811188,22.052679,17.219999,27.73,27.058098,29.134285,120.360001,25.73,24.17,16.219999,19.780001,5.6,28.91,13.15,118.489998,35,29.67
10/26/2009,28.68,7.47,7.9,276.070221,21.734787,16.870001,26.85,26.861141,28.925714,120.110001,25.309999,23.700001,15.4,19.83,5.42,29.16,12.98,124.639999,34.799999,28.49
10/27/2009,28.59,7.33,7.83,273.121277,21.480473,16.690001,26.33,27.386358,28.195715,120.650002,25.6,23.540001,15.45,19.74,5.15,29.219999,12.54,122.07,34.110001,27.76
10/28/2009,28.02,6.96,7.6,269.141205,21.312443,16.040001,25.1,28.089775,27.485714,121.5,26.08,23.02,15.01,19.030001,4.85,28.629999,12.02,121.639999,32.310001,27.27
10/29/2009,28.219999,7.3,7.7,274.496124,21.957312,16.129999,26.41,28.174185,28.049999,122.870003,26.23,23.52,15.73,19.219999,4.93,30.540001,12.55,122.580002,33.669998,28.120001
10/30/2009,27.73,7,7.46,267.05899,21.553133,15.9,24.92,27.752136,26.928572,120.610001,25.67,22.809999,14.58,19.110001,4.6,29.389999,11.96,118.809998,32.119999,26.66
11/2/2009,27.879999,7.58,7.38,265.997986,21.871027,15.85,25.01,27.583315,27.044285,120.559998,25.59,23,14.63,19.01,4.6,28.9,12.07,118.839996,31.98,26.969999
11/3/2009,27.530001,7.44,7.16,267.641815,21.57584,15.7,25,27.264433,26.964285,121.160004,25.360001,22.91,14.8,18.5,4.64,29.01,12.01,118.370003,32.139999,26.42
11/4/2009,28.059999,7.27,7.24,269.156128,21.689373,15.69,24.92,27.29257,27.258572,121.290001,25.530001,23.290001,14.7,18.59,4.69,28.690001,11.98,117.099998,31.48,25.84
11/5/2009,28.469999,7.45,7.37,273.300598,22.184378,15.9,25.9,27.489527,27.718571,123.099998,25.940001,23.93,15.13,18.889999,4.83,28.73,12.27,120.610001,32.419998,26.73
11/6/2009,28.52,7.75,7.09,274.521027,22.325159,15.94,25.73,27.723999,27.762857,123.489998,25.93,23.82,15.05,18.93,5.04,28.870001,13.16,126.199997,32.599998,26.9
11/9/2009,28.99,8.18,7.28,280.204712,22.702089,16.02,27.07,28.296112,28.780001,126,26.34,23.99,15.77,19.459999,5.21,29.49,13.46,126.669998,33.950001,27.450001
11/10/2009,29.01,8.24,7.17,282.321777,22.688465,16.040001,26.98,28.427416,28.997143,126.910004,26.360001,23.65,16.030001,19.5,5.14,29.23,13.13,130.149994,33.700001,26.879999
11/11/2009,29.120001,8.33,7.18,284.214691,22.706631,16.09,26.84,28.47431,29.035715,127.190002,26.440001,23.92,16.43,19.84,5.32,29,13.5,129.910004,33.75,27.52
11/12/2009,29.360001,8.2,7,282.864746,22.570391,16,26.25,28.286732,28.855715,126.260002,26.290001,23.4,16.059999,19.68,6.48,28.24,13.46,130.529999,33.009998,27.299999
11/13/2009,29.629999,8.41,7.15,284.956909,22.665758,15.93,27,28.258596,29.207144,127.029999,26.25,23.709999,15.98,19.82,6.53,28.35,13.56,132.970001,33.09,27.450001
11/16/2009,29.540001,8.71,7.45,287.064026,23.074478,16.07,28.190001,28.446173,29.518572,128.210007,26.290001,23.870001,15.87,20.23,6.43,28.629999,13.75,131.589996,34.23,27.15
11/17/2009,30,8.98,7.16,287.666748,23.306086,16.049999,28.370001,28.746298,29.571428,128.630005,26.280001,24.09,15.77,20.32,6.62,28.450001,13.73,131.25,33.470001,26.93
11/18/2009,30.110001,8.94,7.15,287.248322,22.924614,15.98,28.27,28.755676,29.422857,128.149994,26.309999,24,16.35,20.120001,7.32,28.25,13.52,131.289993,33.330002,26.76
11/19/2009,29.780001,8.73,7.15,285.425171,22.624886,15.61,27.77,28.624372,28.644285,127.540001,26.110001,23.68,16.08,19.299999,7.05,26.98,12.98,128.990005,32.310001,26.280001
11/20/2009,29.620001,8.64,7.03,283.915802,22.724796,15.38,27.84,28.539963,28.559999,126.959999,26.02,23.459999,16.09,19.24,6.95,26.799999,12.9,129.660004,32.099998,26.190001
11/23/2009,29.940001,8.73,7.19,290.087677,23.169846,15.45,28.66,29.384062,29.411428,128.199997,26.780001,23.9,16.290001,19.4,7,27.309999,13,133,32.619999,26.799999
11/24/2009,29.91,8.81,7.04,290.456299,22.792915,15.24,28.780001,29.890522,29.205715,127.93,27.1,23.74,16.1,19.389999,6.95,26.620001,12.92,132.940002,32.119999,26.450001
11/25/2009,29.790001,8.81,7.09,291.776337,22.729338,15.3,29.1,30.040585,29.17,127.279999,27.08,23.74,15.95,19.34,7.11,27.459999,13.07,134.029999,31.42,26.620001
11/27/2009,29.219999,8.73,6.9,288.797516,22.284286,15,28.690001,29.665428,28.655714,125.699997,26.99,23.379999,15.47,19.110001,6.85,26.68,12.79,131.740005,30.51,26.299999
11/30/2009,29.41,8.89,6.99,290.411469,22.279745,14.97,29.139999,29.505987,28.558571,126.349998,26.940001,23.4,15.85,19.200001,7.01,26.690001,13.06,135.910004,31.58,26.639999
12/1/2009,30.01,8.88,7.01,293.833649,22.520435,15.13,28.92,30.331329,28.138571,127.940002,27.18,23.92,15.9,19.66,7.2,27.440001,13.32,138.5,31.52,26.950001
12/2/2009,29.780001,9.01,6.97,292.658051,22.243416,15.31,29.58,30.622076,28.032858,127.209999,27.35,23.870001,15.65,19.719999,7.3,27,13.72,142.25,30.6,27.360001
12/3/2009,29.83,8.94,6.75,291.776337,22.234333,15.11,28.629999,30.659592,28.068571,127.550003,27.52,23.83,15.76,19.870001,8.03,27.98,13.83,141.169998,30.200001,26.75
12/4/2009,29.98,8.94,6.99,291.41272,22.611263,15.19,28.52,30.66897,27.617144,127.25,27.6,24.16,16.280001,20.459999,7.86,28.52,14.26,137.580002,30.969999,26.93
12/7/2009,29.790001,8.91,6.87,292.030396,22.347866,15.45,28.6,31.184809,26.992857,127.040001,27.969999,24.209999,15.89,20.370001,8.52,28.450001,16.09,134.210007,30.379999,26.809999
12/8/2009,29.57,8.82,6.78,292.428894,22.22525,15.45,27.5,31.316114,27.124287,126.800003,27.610001,23.809999,15.41,19.99,8.67,28.67,15.31,134.110001,30.15,26.91
12/9/2009,29.709999,8.86,6.74,293.410217,22.683924,15.18,27.360001,31.231703,28.257143,128.389999,27.559999,23.860001,15.39,20.01,8.71,28.43,15.69,131.309998,30.35,27.139999
12/10/2009,29.870001,9.05,6.54,294.645599,22.770208,15.49,27.02,31.569344,28.061428,129.339996,27.76,23.940001,15.21,20.15,8.58,28.34,15.41,135.380005,30.23,27.120001
12/11/2009,29.85,9,6.51,294.152435,22.729338,15.74,27.639999,31.634996,27.809999,129.679993,28.01,23.77,15.63,19.9,8.64,29,15.21,134.149994,29.780001,26.940001
12/14/2009,30.110001,9.08,6.73,296.752686,23.01544,15.81,27.35,31.466175,28.139999,129.929993,28.049999,23.84,15.63,19.98,8.68,29.299999,15.67,131.380005,30.17,27.040001
12/15/2009,30.02,9.39,6.21,295.462524,23.156221,15.74,27.08,30.959717,27.738571,128.490005,27.6,23.48,15.19,19.799999,8.82,28.99,15.65,130.229996,29.85,26.610001
12/16/2009,30.1,9.49,5.98,297.763916,23.324251,15.79,26.99,30.678349,27.861429,128.710007,27.52,23.450001,15.28,19.379999,9.15,29.01,16.91,128.360001,30.34,26.860001
12/17/2009,29.6,9.39,6,295.861053,22.960945,15.82,25.59,30.772139,27.408571,127.400002,27.219999,23.18,14.86,19.07,9.12,28.58,16.83,126.910004,29.120001,26.59
12/18/2009,30.360001,9.68,6.1,297.096405,23.387829,16.139999,25.99,30.762758,27.918571,127.910004,27.32,23.33,15.03,19.629999,9.05,28.639999,16.82,128.479996,29.209999,26.77
12/21/2009,30.52,9.67,6.13,298.222198,23.610353,15.88,25.68,30.969095,28.318571,128.649994,27.540001,23.639999,15.28,20.09,9.53,28.58,17.42,132.789993,29.66,27.219999
12/22/2009,30.82,9.9,6.08,299.437622,23.823797,15.98,25.83,31.137915,28.622858,129.929993,27.9,23.75,15.33,20.040001,9.43,29.129999,17.879999,133.75,29.6,27.52
12/23/2009,30.92,10.08,6.26,304.697906,23.837421,16.67,25.73,31.166052,28.871429,130,28.040001,23.780001,15.19,20.1,9.67,29.360001,18.129999,138.940002,29.41,27.65
12/24/2009,31,10.13,6.25,308.085236,24.009991,16.719999,25.9,31.287977,29.862858,130.570007,28.1,23.959999,15.25,20.33,9.91,29.309999,18.09,138.470001,29.6,27.76
12/28/2009,31.17,10.2,6.25,310.272034,23.960037,16.879999,25.450001,31.409903,30.23,132.309998,28.33,24.08,15.29,20.299999,9.83,29.58,17.799999,139.309998,29.290001,27.66
12/29/2009,31.389999,10.11,6.2,308.543518,23.873751,16.92,25.440001,31.35363,29.871429,131.850006,28.34,24.1,15.12,20.4,9.75,29.35,18.02,139.410004,29.43,27.629999
12/30/2009,30.959999,9.99,6.28,310.202271,24.037239,16.98,25.5,31.34425,30.234285,132.570007,28.32,24.18,15.07,20.59,9.72,29.299999,18.67,136.490005,29.49,28.02
12/31/2009,30.48,10,6.42,308.832428,23.39237,16.780001,25.200001,31.072262,30.104286,130.899994,28.030001,23.940001,15.06,20.4,9.68,29,18.68,134.520004,29.6,27.969999
